[{"pk": 19, "model": "auth.permission", "fields": {"codename": "add_logentry", "name": "Can add log entry", "content_type": 7}}, {"pk": 20, "model": "auth.permission", "fields": {"codename": "change_logentry", "name": "Can change log entry", "content_type": 7}}, {"pk": 21, "model": "auth.permission", "fields": {"codename": "delete_logentry", "name": "Can delete log entry", "content_type": 7}}, {"pk": 4, "model": "auth.permission", "fields": {"codename": "add_group", "name": "Can add group", "content_type": 2}}, {"pk": 10, "model": "auth.permission", "fields": {"codename": "add_message", "name": "Can add message", "content_type": 4}}, {"pk": 1, "model": "auth.permission", "fields": {"codename": "add_permission", "name": "Can add permission", "content_type": 1}}, {"pk": 7, "model": "auth.permission", "fields": {"codename": "add_user", "name": "Can add user", "content_type": 3}}, {"pk": 5, "model": "auth.permission", "fields": {"codename": "change_group", "name": "Can change group", "content_type": 2}}, {"pk": 11, "model": "auth.permission", "fields": {"codename": "change_message", "name": "Can change message", "content_type": 4}}, {"pk": 2, "model": "auth.permission", "fields": {"codename": "change_permission", "name": "Can change permission", "content_type": 1}}, {"pk": 8, "model": "auth.permission", "fields": {"codename": "change_user", "name": "Can change user", "content_type": 3}}, {"pk": 6, "model": "auth.permission", "fields": {"codename": "delete_group", "name": "Can delete group", "content_type": 2}}, {"pk": 12, "model": "auth.permission", "fields": {"codename": "delete_message", "name": "Can delete message", "content_type": 4}}, {"pk": 3, "model": "auth.permission", "fields": {"codename": "delete_permission", "name": "Can delete permission", "content_type": 1}}, {"pk": 9, "model": "auth.permission", "fields": {"codename": "delete_user", "name": "Can delete user", "content_type": 3}}, {"pk": 13, "model": "auth.permission", "fields": {"codename": "add_contenttype", "name": "Can add content type", "content_type": 5}}, {"pk": 14, "model": "auth.permission", "fields": {"codename": "change_contenttype", "name": "Can change content type", "content_type": 5}}, {"pk": 15, "model": "auth.permission", "fields": {"codename": "delete_contenttype", "name": "Can delete content type", "content_type": 5}}, {"pk": 16, "model": "auth.permission", "fields": {"codename": "add_session", "name": "Can add session", "content_type": 6}}, {"pk": 17, "model": "auth.permission", "fields": {"codename": "change_session", "name": "Can change session", "content_type": 6}}, {"pk": 18, "model": "auth.permission", "fields": {"codename": "delete_session", "name": "Can delete session", "content_type": 6}}, {"pk": 34, "model": "auth.permission", "fields": {"codename": "add_building", "name": "Can add building", "content_type": 12}}, {"pk": 31, "model": "auth.permission", "fields": {"codename": "add_campus", "name": "Can add campus", "content_type": 11}}, {"pk": 22, "model": "auth.permission", "fields": {"codename": "add_college", "name": "Can add college", "content_type": 8}}, {"pk": 25, "model": "auth.permission", "fields": {"codename": "add_department", "name": "Can add department", "content_type": 9}}, {"pk": 37, "model": "auth.permission", "fields": {"codename": "add_location", "name": "Can add location", "content_type": 13}}, {"pk": 28, "model": "auth.permission", "fields": {"codename": "add_program", "name": "Can add program", "content_type": 10}}, {"pk": 40, "model": "auth.permission", "fields": {"codename": "add_subdepartment", "name": "Can add sub department", "content_type": 14}}, {"pk": 35, "model": "auth.permission", "fields": {"codename": "change_building", "name": "Can change building", "content_type": 12}}, {"pk": 32, "model": "auth.permission", "fields": {"codename": "change_campus", "name": "Can change campus", "content_type": 11}}, {"pk": 23, "model": "auth.permission", "fields": {"codename": "change_college", "name": "Can change college", "content_type": 8}}, {"pk": 26, "model": "auth.permission", "fields": {"codename": "change_department", "name": "Can change department", "content_type": 9}}, {"pk": 38, "model": "auth.permission", "fields": {"codename": "change_location", "name": "Can change location", "content_type": 13}}, {"pk": 29, "model": "auth.permission", "fields": {"codename": "change_program", "name": "Can change program", "content_type": 10}}, {"pk": 41, "model": "auth.permission", "fields": {"codename": "change_subdepartment", "name": "Can change sub department", "content_type": 14}}, {"pk": 36, "model": "auth.permission", "fields": {"codename": "delete_building", "name": "Can delete building", "content_type": 12}}, {"pk": 33, "model": "auth.permission", "fields": {"codename": "delete_campus", "name": "Can delete campus", "content_type": 11}}, {"pk": 24, "model": "auth.permission", "fields": {"codename": "delete_college", "name": "Can delete college", "content_type": 8}}, {"pk": 27, "model": "auth.permission", "fields": {"codename": "delete_department", "name": "Can delete department", "content_type": 9}}, {"pk": 39, "model": "auth.permission", "fields": {"codename": "delete_location", "name": "Can delete location", "content_type": 13}}, {"pk": 30, "model": "auth.permission", "fields": {"codename": "delete_program", "name": "Can delete program", "content_type": 10}}, {"pk": 42, "model": "auth.permission", "fields": {"codename": "delete_subdepartment", "name": "Can delete sub department", "content_type": 14}}, {"pk": 1, "model": "auth.group", "fields": {"name": "Student Workers", "permissions": [37, 38]}}, {"pk": 2, "model": "auth.group", "fields": {"name": "Admins", "permissions": [19, 20, 21, 10, 7, 11, 8, 12, 9, 16, 34, 31, 22, 25, 37, 28, 40, 35, 32, 23, 26, 38, 29, 41, 36, 33, 24, 27, 39, 30, 42]}}, {"pk": 3, "model": "auth.group", "fields": {"name": "Development Team", "permissions": [19, 20, 21, 4, 10, 1, 7, 5, 11, 2, 8, 6, 12, 3, 9, 13, 14, 15, 16, 17, 18, 34, 31, 22, 25, 37, 28, 40, 35, 32, 23, 26, 38, 29, 41, 36, 33, 24, 27, 39, 30, 42]}}, {"pk": 1, "model": "auth.user", "fields": {"username": "ben", "first_name": "Benjamin", "last_name": "Kreeger", "is_active": 1, "is_superuser": 1, "is_staff": 1, "last_login": "2009-05-29 16:28:01", "groups": [3], "user_permissions": [], "password": "sha1$e9cd4$225346f95fd105ed9b336adf7c03999f91eb1c5d", "email": "kreeger545@live.missouristate.edu", "date_joined": "2009-05-29 15:39:07"}}, {"pk": 2, "model": "auth.user", "fields": {"username": "rebecca", "first_name": "Becky", "last_name": "Grant", "is_active": 1, "is_superuser": 1, "is_staff": 1, "last_login": "2009-05-29 21:36:27", "groups": [2], "user_permissions": [], "password": "sha1$f6dc5$4b2fefd208987e2cca9f1cb7ad1c84c5d2297ec5", "email": "rebeccagrant@missouristate.edu", "date_joined": "2009-05-29 21:36:27"}}, {"pk": 3, "model": "auth.user", "fields": {"username": "jeremy", "first_name": "Jeremy", "last_name": "Evans", "is_active": 1, "is_superuser": 0, "is_staff": 0, "last_login": "2009-05-29 21:40:27", "groups": [1], "user_permissions": [], "password": "sha1$4af21$19ce181a0d509b788a3e80bfa1661915c32d4d28", "email": "Evans48@MissouriState.edu", "date_joined": "2009-05-29 21:40:27"}}, {"pk": 12, "model": "contenttypes.contenttype", "fields": {"model": "building", "name": "building", "app_label": "structure"}}, {"pk": 11, "model": "contenttypes.contenttype", "fields": {"model": "campus", "name": "campus", "app_label": "structure"}}, {"pk": 8, "model": "contenttypes.contenttype", "fields": {"model": "college", "name": "college", "app_label": "structure"}}, {"pk": 5, "model": "contenttypes.contenttype", "fields": {"model": "contenttype", "name": "content type", "app_label": "contenttypes"}}, {"pk": 9, "model": "contenttypes.contenttype", "fields": {"model": "department", "name": "department", "app_label": "structure"}}, {"pk": 2, "model": "contenttypes.contenttype", "fields": {"model": "group", "name": "group", "app_label": "auth"}}, {"pk": 13, "model": "contenttypes.contenttype", "fields": {"model": "location", "name": "location", "app_label": "structure"}}, {"pk": 7, "model": "contenttypes.contenttype", "fields": {"model": "logentry", "name": "log entry", "app_label": "admin"}}, {"pk": 4, "model": "contenttypes.contenttype", "fields": {"model": "message", "name": "message", "app_label": "auth"}}, {"pk": 1, "model": "contenttypes.contenttype", "fields": {"model": "permission", "name": "permission", "app_label": "auth"}}, {"pk": 10, "model": "contenttypes.contenttype", "fields": {"model": "program", "name": "program", "app_label": "structure"}}, {"pk": 6, "model": "contenttypes.contenttype", "fields": {"model": "session", "name": "session", "app_label": "sessions"}}, {"pk": 14, "model": "contenttypes.contenttype", "fields": {"model": "subdepartment", "name": "sub department", "app_label": "structure"}}, {"pk": 3, "model": "contenttypes.contenttype", "fields": {"model": "user", "name": "user", "app_label": "auth"}}, {"pk": "b6a84efc6d31f3d10fdba3f722018a71", "model": "sessions.session", "fields": {"expire_date": "2009-06-12 16:28:01", "session_data": "gAJ9cQEoVRJfYXV0aF91c2VyX2JhY2tlbmRxAlUpZGphbmdvLmNvbnRyaWIuYXV0aC5iYWNrZW5k\ncy5Nb2RlbEJhY2tlbmRxA1UNX2F1dGhfdXNlcl9pZHEEigEBdS43ZTY5ZjFhZWNhNDUxY2M0OGUw\nODA3YzI4NzEyYTNkOA==\n"}}, {"pk": 259, "model": "admin.logentry", "fields": {"action_flag": 2, "action_time": "2009-05-29 21:44:36", "object_repr": "jeremy", "object_id": "3", "change_message": "Changed first_name, last_name, email and groups.", "user": 1, "content_type": 3}}, {"pk": 258, "model": "admin.logentry", "fields": {"action_flag": 1, "action_time": "2009-05-29 21:40:27", "object_repr": "jeremy", "object_id": "3", "change_message": "", "user": 1, "content_type": 3}}, {"pk": 257, "model": "admin.logentry", "fields": {"action_flag": 2, "action_time": "2009-05-29 21:39:59", "object_repr": "rebecca", "object_id": "2", "change_message": "Changed groups.", "user": 1, "content_type": 3}}, {"pk": 256, "model": "admin.logentry", "fields": {"action_flag": 2, "action_time": "2009-05-29 21:39:53", "object_repr": "ben", "object_id": "1", "change_message": "Changed first_name, last_name and groups.", "user": 1, "content_type": 3}}, {"pk": 255, "model": "admin.logentry", "fields": {"action_flag": 2, "action_time": "2009-05-29 21:39:32", "object_repr": "Development Team", "object_id": "3", "change_message": "Changed name.", "user": 1, "content_type": 2}}, {"pk": 254, "model": "admin.logentry", "fields": {"action_flag": 2, "action_time": "2009-05-29 21:39:25", "object_repr": "Admins", "object_id": "2", "change_message": "Changed permissions.", "user": 1, "content_type": 2}}, {"pk": 253, "model": "admin.logentry", "fields": {"action_flag": 1, "action_time": "2009-05-29 21:38:53", "object_repr": "Dev Team", "object_id": "3", "change_message": "", "user": 1, "content_type": 2}}, {"pk": 252, "model": "admin.logentry", "fields": {"action_flag": 1, "action_time": "2009-05-29 21:38:39", "object_repr": "Admins", "object_id": "2", "change_message": "", "user": 1, "content_type": 2}}, {"pk": 251, "model": "admin.logentry", "fields": {"action_flag": 1, "action_time": "2009-05-29 21:38:31", "object_repr": "Student Workers", "object_id": "1", "change_message": "", "user": 1, "content_type": 2}}, {"pk": 250, "model": "admin.logentry", "fields": {"action_flag": 2, "action_time": "2009-05-29 21:37:51", "object_repr": "rebecca", "object_id": "2", "change_message": "Changed first_name, last_name, email, is_staff and is_superuser.", "user": 1, "content_type": 3}}, {"pk": 249, "model": "admin.logentry", "fields": {"action_flag": 1, "action_time": "2009-05-29 21:36:27", "object_repr": "rebecca", "object_id": "2", "change_message": "", "user": 1, "content_type": 3}}, {"pk": 248, "model": "admin.logentry", "fields": {"action_flag": 2, "action_time": "2009-05-29 21:34:13", "object_repr": "66 Place", "object_id": "1", "change_message": "Changed abbreviation.", "user": 1, "content_type": 12}}, {"pk": 247, "model": "admin.logentry", "fields": {"action_flag": 2, "action_time": "2009-05-29 21:34:02", "object_repr": "Duane G. Meyer Library", "object_id": "52", "change_message": "Changed abbreviation.", "user": 1, "content_type": 12}}, {"pk": 246, "model": "admin.logentry", "fields": {"action_flag": 1, "action_time": "2009-05-29 21:33:40", "object_repr": "Glass 345", "object_id": "4", "change_message": "", "user": 1, "content_type": 13}}, {"pk": 245, "model": "admin.logentry", "fields": {"action_flag": 2, "action_time": "2009-05-29 21:33:15", "object_repr": "Duane G. Meyer Library", "object_id": "52", "change_message": "Changed abbreviation.", "user": 1, "content_type": 12}}, {"pk": 244, "model": "admin.logentry", "fields": {"action_flag": 1, "action_time": "2009-05-29 21:32:36", "object_repr": "Meyer 202", "object_id": "3", "change_message": "", "user": 1, "content_type": 13}}, {"pk": 243, "model": "admin.logentry", "fields": {"action_flag": 2, "action_time": "2009-05-29 21:30:06", "object_repr": "Theatre & Dance Annex", "object_id": "78", "change_message": "Changed abbreviation.", "user": 1, "content_type": 12}}, {"pk": 242, "model": "admin.logentry", "fields": {"action_flag": 2, "action_time": "2009-05-29 21:28:38", "object_repr": "John Q. Hammons Student Center", "object_id": "33", "change_message": "Changed abbreviation.", "user": 1, "content_type": 12}}, {"pk": 241, "model": "admin.logentry", "fields": {"action_flag": 2, "action_time": "2009-05-29 21:28:13", "object_repr": "Child Development Center", "object_id": "15", "change_message": "Changed abbreviation.", "user": 1, "content_type": 12}}, {"pk": 240, "model": "admin.logentry", "fields": {"action_flag": 2, "action_time": "2009-05-29 21:28:03", "object_repr": "Bull Shoals Field Station", "object_id": "10", "change_message": "Changed abbreviation.", "user": 1, "content_type": 12}}, {"pk": 239, "model": "admin.logentry", "fields": {"action_flag": 2, "action_time": "2009-05-29 21:27:53", "object_repr": "Art & Design Gallery", "object_id": "3", "change_message": "Changed abbreviation.", "user": 1, "content_type": 12}}, {"pk": 238, "model": "admin.logentry", "fields": {"action_flag": 2, "action_time": "2009-05-29 21:27:31", "object_repr": "Student Exhibition Center", "object_id": "72", "change_message": "Changed abbreviation.", "user": 1, "content_type": 12}}, {"pk": 237, "model": "admin.logentry", "fields": {"action_flag": 2, "action_time": "2009-05-29 21:27:18", "object_repr": "Professional Building", "object_id": "62", "change_message": "Changed abbreviation.", "user": 1, "content_type": 12}}, {"pk": 236, "model": "admin.logentry", "fields": {"action_flag": 2, "action_time": "2009-05-29 21:27:08", "object_repr": "Robert W. Plaster Sports Complex", "object_id": "59", "change_message": "Changed abbreviation.", "user": 1, "content_type": 12}}, {"pk": 235, "model": "admin.logentry", "fields": {"action_flag": 2, "action_time": "2009-05-29 21:26:54", "object_repr": "Jim D. Morris Center for Continuing Education", "object_id": "54", "change_message": "Changed abbreviation.", "user": 1, "content_type": 12}}, {"pk": 234, "model": "admin.logentry", "fields": {"action_flag": 2, "action_time": "2009-05-29 21:26:38", "object_repr": "Kings Street Annex", "object_id": "44", "change_message": "Changed abbreviation.", "user": 1, "content_type": 12}}, {"pk": 233, "model": "admin.logentry", "fields": {"action_flag": 1, "action_time": "2009-05-29 21:25:09", "object_repr": "Woods House", "object_id": "87", "change_message": "", "user": 1, "content_type": 12}}, {"pk": 232, "model": "admin.logentry", "fields": {"action_flag": 1, "action_time": "2009-05-29 21:25:06", "object_repr": "West Mall (Fountain)", "object_id": "86", "change_message": "", "user": 1, "content_type": 12}}, {"pk": 231, "model": "admin.logentry", "fields": {"action_flag": 1, "action_time": "2009-05-29 21:24:58", "object_repr": "West Mall (Carrington)", "object_id": "85", "change_message": "", "user": 1, "content_type": 12}}, {"pk": 230, "model": "admin.logentry", "fields": {"action_flag": 1, "action_time": "2009-05-29 21:24:51", "object_repr": "West Mall (Amphitheatre)", "object_id": "84", "change_message": "", "user": 1, "content_type": 12}}, {"pk": 229, "model": "admin.logentry", "fields": {"action_flag": 1, "action_time": "2009-05-29 21:24:34", "object_repr": "Wells House", "object_id": "83", "change_message": "", "user": 1, "content_type": 12}}, {"pk": 228, "model": "admin.logentry", "fields": {"action_flag": 1, "action_time": "2009-05-29 21:24:30", "object_repr": "Wehr Band Hall", "object_id": "82", "change_message": "", "user": 1, "content_type": 12}}, {"pk": 227, "model": "admin.logentry", "fields": {"action_flag": 1, "action_time": "2009-05-29 21:24:24", "object_repr": "University Hall", "object_id": "81", "change_message": "", "user": 1, "content_type": 12}}, {"pk": 226, "model": "admin.logentry", "fields": {"action_flag": 1, "action_time": "2009-05-29 21:24:18", "object_repr": "Trottier Plaza", "object_id": "80", "change_message": "", "user": 1, "content_type": 12}}, {"pk": 225, "model": "admin.logentry", "fields": {"action_flag": 1, "action_time": "2009-05-29 21:24:07", "object_repr": "Transit Operations Center", "object_id": "79", "change_message": "", "user": 1, "content_type": 12}}, {"pk": 224, "model": "admin.logentry", "fields": {"action_flag": 1, "action_time": "2009-05-29 21:24:00", "object_repr": "Theatre & Dance Annex", "object_id": "78", "change_message": "", "user": 1, "content_type": 12}}, {"pk": 223, "model": "admin.logentry", "fields": {"action_flag": 1, "action_time": "2009-05-29 21:23:34", "object_repr": "Tennis Courts", "object_id": "77", "change_message": "", "user": 1, "content_type": 12}}, {"pk": 222, "model": "admin.logentry", "fields": {"action_flag": 1, "action_time": "2009-05-29 21:23:26", "object_repr": "Temple Hall", "object_id": "76", "change_message": "", "user": 1, "content_type": 12}}, {"pk": 221, "model": "admin.logentry", "fields": {"action_flag": 1, "action_time": "2009-05-29 21:23:22", "object_repr": "Taylor Health & Wellness Center", "object_id": "75", "change_message": "", "user": 1, "content_type": 12}}, {"pk": 220, "model": "admin.logentry", "fields": {"action_flag": 1, "action_time": "2009-05-29 21:23:13", "object_repr": "Sunvilla Tower", "object_id": "74", "change_message": "", "user": 1, "content_type": 12}}, {"pk": 219, "model": "admin.logentry", "fields": {"action_flag": 1, "action_time": "2009-05-29 21:23:06", "object_repr": "Student Media Center", "object_id": "73", "change_message": "", "user": 1, "content_type": 12}}, {"pk": 218, "model": "admin.logentry", "fields": {"action_flag": 1, "action_time": "2009-05-29 21:22:57", "object_repr": "Student Exhibition Center", "object_id": "72", "change_message": "", "user": 1, "content_type": 12}}, {"pk": 217, "model": "admin.logentry", "fields": {"action_flag": 1, "action_time": "2009-05-29 21:22:35", "object_repr": "Strong Hall", "object_id": "71", "change_message": "", "user": 1, "content_type": 12}}, {"pk": 216, "model": "admin.logentry", "fields": {"action_flag": 1, "action_time": "2009-05-29 21:22:18", "object_repr": "Softball Field", "object_id": "70", "change_message": "", "user": 1, "content_type": 12}}, {"pk": 215, "model": "admin.logentry", "fields": {"action_flag": 1, "action_time": "2009-05-29 21:22:11", "object_repr": "Soccer Field", "object_id": "69", "change_message": "", "user": 1, "content_type": 12}}, {"pk": 214, "model": "admin.logentry", "fields": {"action_flag": 1, "action_time": "2009-05-29 21:22:03", "object_repr": "Siceluff Hall", "object_id": "68", "change_message": "", "user": 1, "content_type": 12}}, {"pk": 213, "model": "admin.logentry", "fields": {"action_flag": 1, "action_time": "2009-05-29 21:21:56", "object_repr": "Scholars House", "object_id": "67", "change_message": "", "user": 1, "content_type": 12}}, {"pk": 212, "model": "admin.logentry", "fields": {"action_flag": 1, "action_time": "2009-05-29 21:21:50", "object_repr": "Safety & Transportation Offices/Police Substation", "object_id": "66", "change_message": "", "user": 1, "content_type": 12}}, {"pk": 211, "model": "admin.logentry", "fields": {"action_flag": 1, "action_time": "2009-05-29 21:20:32", "object_repr": "Retreat Garden", "object_id": "65", "change_message": "", "user": 1, "content_type": 12}}, {"pk": 210, "model": "admin.logentry", "fields": {"action_flag": 1, "action_time": "2009-05-29 21:20:21", "object_repr": "RecreationFields", "object_id": "64", "change_message": "", "user": 1, "content_type": 12}}, {"pk": 209, "model": "admin.logentry", "fields": {"action_flag": 1, "action_time": "2009-05-29 21:20:12", "object_repr": "Pummill Hall", "object_id": "63", "change_message": "", "user": 1, "content_type": 12}}, {"pk": 208, "model": "admin.logentry", "fields": {"action_flag": 1, "action_time": "2009-05-29 21:20:02", "object_repr": "Professional Building", "object_id": "62", "change_message": "", "user": 1, "content_type": 12}}, {"pk": 207, "model": "admin.logentry", "fields": {"action_flag": 1, "action_time": "2009-05-29 21:19:55", "object_repr": "Price Plaza", "object_id": "61", "change_message": "", "user": 1, "content_type": 12}}, {"pk": 206, "model": "admin.logentry", "fields": {"action_flag": 1, "action_time": "2009-05-29 21:19:49", "object_repr": "Robert W. Plaster Student Union", "object_id": "60", "change_message": "", "user": 1, "content_type": 12}}, {"pk": 205, "model": "admin.logentry", "fields": {"action_flag": 1, "action_time": "2009-05-29 21:19:41", "object_repr": "Robert W. Plaster Sports Complex", "object_id": "59", "change_message": "", "user": 1, "content_type": 12}}, {"pk": 204, "model": "admin.logentry", "fields": {"action_flag": 1, "action_time": "2009-05-29 21:19:17", "object_repr": "Physical Therapy Building", "object_id": "58", "change_message": "", "user": 1, "content_type": 12}}, {"pk": 203, "model": "admin.logentry", "fields": {"action_flag": 1, "action_time": "2009-05-29 21:19:07", "object_repr": "Park Central Office Building", "object_id": "57", "change_message": "", "user": 1, "content_type": 12}}, {"pk": 202, "model": "admin.logentry", "fields": {"action_flag": 1, "action_time": "2009-05-29 21:18:58", "object_repr": "One-Room School House", "object_id": "56", "change_message": "", "user": 1, "content_type": 12}}, {"pk": 201, "model": "admin.logentry", "fields": {"action_flag": 1, "action_time": "2009-05-29 21:18:51", "object_repr": "North Mall", "object_id": "55", "change_message": "", "user": 1, "content_type": 12}}, {"pk": 200, "model": "admin.logentry", "fields": {"action_flag": 1, "action_time": "2009-05-29 21:17:01", "object_repr": "Jim D. Morris Center for Continuing Education", "object_id": "54", "change_message": "", "user": 1, "content_type": 12}}, {"pk": 199, "model": "admin.logentry", "fields": {"action_flag": 1, "action_time": "2009-05-29 21:16:47", "object_repr": "Monroe Hall", "object_id": "53", "change_message": "", "user": 1, "content_type": 12}}, {"pk": 198, "model": "admin.logentry", "fields": {"action_flag": 1, "action_time": "2009-05-29 21:16:41", "object_repr": "Duane G. Meyer Library", "object_id": "52", "change_message": "", "user": 1, "content_type": 12}}, {"pk": 197, "model": "admin.logentry", "fields": {"action_flag": 1, "action_time": "2009-05-29 21:16:33", "object_repr": "Jane A. Meyer Carillon", "object_id": "51", "change_message": "", "user": 1, "content_type": 12}}, {"pk": 196, "model": "admin.logentry", "fields": {"action_flag": 1, "action_time": "2009-05-29 21:16:12", "object_repr": "Kenneth E. Meyer Alumni Center", "object_id": "50", "change_message": "", "user": 1, "content_type": 12}}, {"pk": 195, "model": "admin.logentry", "fields": {"action_flag": 1, "action_time": "2009-05-29 21:16:00", "object_repr": "McDonald Hall & Arena", "object_id": "49", "change_message": "", "user": 1, "content_type": 12}}, {"pk": 194, "model": "admin.logentry", "fields": {"action_flag": 1, "action_time": "2009-05-29 21:15:50", "object_repr": "McDonald Arena Patio", "object_id": "48", "change_message": "", "user": 1, "content_type": 12}}, {"pk": 193, "model": "admin.logentry", "fields": {"action_flag": 1, "action_time": "2009-05-29 21:15:38", "object_repr": "Arthur L. Mallory Plaza", "object_id": "47", "change_message": "", "user": 1, "content_type": 12}}, {"pk": 192, "model": "admin.logentry", "fields": {"action_flag": 1, "action_time": "2009-05-29 21:15:28", "object_repr": "Madison Hall", "object_id": "46", "change_message": "", "user": 1, "content_type": 12}}, {"pk": 191, "model": "admin.logentry", "fields": {"action_flag": 1, "action_time": "2009-05-29 21:15:23", "object_repr": "Levy/Wolf Building", "object_id": "45", "change_message": "", "user": 1, "content_type": 12}}, {"pk": 190, "model": "admin.logentry", "fields": {"action_flag": 1, "action_time": "2009-05-29 21:15:10", "object_repr": "Kings Street Annex", "object_id": "44", "change_message": "", "user": 1, "content_type": 12}}, {"pk": 189, "model": "admin.logentry", "fields": {"action_flag": 1, "action_time": "2009-05-29 21:15:03", "object_repr": "Kings Street", "object_id": "43", "change_message": "", "user": 1, "content_type": 12}}, {"pk": 188, "model": "admin.logentry", "fields": {"action_flag": 1, "action_time": "2009-05-29 21:14:56", "object_repr": "Kentwood South Apartments", "object_id": "42", "change_message": "", "user": 1, "content_type": 12}}, {"pk": 187, "model": "admin.logentry", "fields": {"action_flag": 1, "action_time": "2009-05-29 21:14:47", "object_repr": "Kentwood Hall", "object_id": "41", "change_message": "", "user": 1, "content_type": 12}}, {"pk": 186, "model": "admin.logentry", "fields": {"action_flag": 1, "action_time": "2009-05-29 21:14:43", "object_repr": "Kemper Hall", "object_id": "40", "change_message": "", "user": 1, "content_type": 12}}, {"pk": 185, "model": "admin.logentry", "fields": {"action_flag": 1, "action_time": "2009-05-29 21:14:39", "object_repr": "Karls Hall", "object_id": "39", "change_message": "", "user": 1, "content_type": 12}}, {"pk": 184, "model": "admin.logentry", "fields": {"action_flag": 1, "action_time": "2009-05-29 21:14:35", "object_repr": "JQH Arena", "object_id": "38", "change_message": "", "user": 1, "content_type": 12}}, {"pk": 183, "model": "admin.logentry", "fields": {"action_flag": 1, "action_time": "2009-05-29 21:14:29", "object_repr": "Intramural Sports Field", "object_id": "37", "change_message": "", "user": 1, "content_type": 12}}, {"pk": 182, "model": "admin.logentry", "fields": {"action_flag": 1, "action_time": "2009-05-29 21:14:01", "object_repr": "Hutchens House", "object_id": "36", "change_message": "", "user": 1, "content_type": 12}}, {"pk": 181, "model": "admin.logentry", "fields": {"action_flag": 1, "action_time": "2009-05-29 21:13:56", "object_repr": "Historic Quadrangle", "object_id": "35", "change_message": "", "user": 1, "content_type": 12}}, {"pk": 180, "model": "admin.logentry", "fields": {"action_flag": 1, "action_time": "2009-05-29 21:13:50", "object_repr": "Hill Hall", "object_id": "34", "change_message": "", "user": 1, "content_type": 12}}, {"pk": 179, "model": "admin.logentry", "fields": {"action_flag": 1, "action_time": "2009-05-29 21:13:45", "object_repr": "John Q. Hammons Student Center", "object_id": "33", "change_message": "", "user": 1, "content_type": 12}}, {"pk": 178, "model": "admin.logentry", "fields": {"action_flag": 1, "action_time": "2009-05-29 21:13:27", "object_repr": "Hammons House", "object_id": "32", "change_message": "", "user": 1, "content_type": 12}}, {"pk": 177, "model": "admin.logentry", "fields": {"action_flag": 1, "action_time": "2009-05-29 21:13:21", "object_repr": "Juanita K. Hammons Hall for the Performing Arts", "object_id": "31", "change_message": "", "user": 1, "content_type": 12}}, {"pk": 176, "model": "admin.logentry", "fields": {"action_flag": 1, "action_time": "2009-05-29 21:13:08", "object_repr": "Great Southern Building", "object_id": "30", "change_message": "", "user": 1, "content_type": 12}}, {"pk": 175, "model": "admin.logentry", "fields": {"action_flag": 1, "action_time": "2009-05-29 21:12:57", "object_repr": "Grand Street Underpass", "object_id": "29", "change_message": "", "user": 1, "content_type": 12}}, {"pk": 174, "model": "admin.logentry", "fields": {"action_flag": 1, "action_time": "2009-05-29 21:12:48", "object_repr": "David D. Glass Hall", "object_id": "28", "change_message": "", "user": 1, "content_type": 12}}, {"pk": 173, "model": "admin.logentry", "fields": {"action_flag": 1, "action_time": "2009-05-29 21:12:37", "object_repr": "Garst Dining Center", "object_id": "27", "change_message": "", "user": 1, "content_type": 12}}, {"pk": 172, "model": "admin.logentry", "fields": {"action_flag": 1, "action_time": "2009-05-29 21:12:31", "object_repr": "Freudenberger House", "object_id": "26", "change_message": "", "user": 1, "content_type": 12}}, {"pk": 171, "model": "admin.logentry", "fields": {"action_flag": 1, "action_time": "2009-05-29 21:12:08", "object_repr": "Forsythe Athletics Center", "object_id": "25", "change_message": "", "user": 1, "content_type": 12}}, {"pk": 170, "model": "admin.logentry", "fields": {"action_flag": 1, "action_time": "2009-05-29 21:12:00", "object_repr": "Forensics Laboratory", "object_id": "24", "change_message": "", "user": 1, "content_type": 12}}, {"pk": 169, "model": "admin.logentry", "fields": {"action_flag": 1, "action_time": "2009-05-29 21:11:53", "object_repr": "Ellis Hall", "object_id": "23", "change_message": "", "user": 1, "content_type": 12}}, {"pk": 168, "model": "admin.logentry", "fields": {"action_flag": 1, "action_time": "2009-05-29 21:11:49", "object_repr": "Early Childhood & Family Development", "object_id": "22", "change_message": "", "user": 1, "content_type": 12}}, {"pk": 167, "model": "admin.logentry", "fields": {"action_flag": 1, "action_time": "2009-05-29 21:11:30", "object_repr": "Dogwood Apartments", "object_id": "21", "change_message": "", "user": 1, "content_type": 12}}, {"pk": 166, "model": "admin.logentry", "fields": {"action_flag": 2, "action_time": "2009-05-29 21:11:04", "object_repr": "Carrington Hall", "object_id": "12", "change_message": "No fields changed.", "user": 1, "content_type": 12}}, {"pk": 165, "model": "admin.logentry", "fields": {"action_flag": 1, "action_time": "2009-05-29 21:11:01", "object_repr": "Darr Agricultural Center", "object_id": "20", "change_message": "", "user": 1, "content_type": 12}}, {"pk": 164, "model": "admin.logentry", "fields": {"action_flag": 1, "action_time": "2009-05-29 21:10:49", "object_repr": "Custodial Offices", "object_id": "19", "change_message": "", "user": 1, "content_type": 12}}, {"pk": 163, "model": "admin.logentry", "fields": {"action_flag": 1, "action_time": "2009-05-29 21:10:35", "object_repr": "Craig Hall Plaza (Tent Pad)", "object_id": "18", "change_message": "", "user": 1, "content_type": 12}}, {"pk": 162, "model": "admin.logentry", "fields": {"action_flag": 1, "action_time": "2009-05-29 21:10:17", "object_repr": "Craig Hall", "object_id": "17", "change_message": "", "user": 1, "content_type": 12}}, {"pk": 161, "model": "admin.logentry", "fields": {"action_flag": 1, "action_time": "2009-05-29 21:10:11", "object_repr": "Corral", "object_id": "16", "change_message": "", "user": 1, "content_type": 12}}, {"pk": 160, "model": "admin.logentry", "fields": {"action_flag": 1, "action_time": "2009-05-29 21:10:01", "object_repr": "Child Development Center", "object_id": "15", "change_message": "", "user": 1, "content_type": 12}}, {"pk": 159, "model": "admin.logentry", "fields": {"action_flag": 1, "action_time": "2009-05-29 21:09:53", "object_repr": "Cheek Hall", "object_id": "14", "change_message": "", "user": 1, "content_type": 12}}, {"pk": 158, "model": "admin.logentry", "fields": {"action_flag": 1, "action_time": "2009-05-29 21:09:46", "object_repr": "Central Stores & Maintenance", "object_id": "13", "change_message": "", "user": 1, "content_type": 12}}, {"pk": 157, "model": "admin.logentry", "fields": {"action_flag": 1, "action_time": "2009-05-29 21:09:37", "object_repr": "Carrington Hall", "object_id": "12", "change_message": "", "user": 1, "content_type": 12}}, {"pk": 156, "model": "admin.logentry", "fields": {"action_flag": 1, "action_time": "2009-05-29 21:09:30", "object_repr": "Burgess House", "object_id": "11", "change_message": "", "user": 1, "content_type": 12}}, {"pk": 155, "model": "admin.logentry", "fields": {"action_flag": 1, "action_time": "2009-05-29 21:09:20", "object_repr": "Bull Shoals Field Station", "object_id": "10", "change_message": "", "user": 1, "content_type": 12}}, {"pk": 154, "model": "admin.logentry", "fields": {"action_flag": 1, "action_time": "2009-05-29 21:09:07", "object_repr": "Brick City", "object_id": "9", "change_message": "", "user": 1, "content_type": 12}}, {"pk": 153, "model": "admin.logentry", "fields": {"action_flag": 1, "action_time": "2009-05-29 21:04:27", "object_repr": "Roy Blunt Jordan Valley Innovation Center", "object_id": "8", "change_message": "", "user": 1, "content_type": 12}}, {"pk": 152, "model": "admin.logentry", "fields": {"action_flag": 1, "action_time": "2009-05-29 21:04:04", "object_repr": "Blair-Shannon House", "object_id": "7", "change_message": "", "user": 1, "content_type": 12}}, {"pk": 151, "model": "admin.logentry", "fields": {"action_flag": 1, "action_time": "2009-05-29 21:03:55", "object_repr": "Baker Observatory", "object_id": "6", "change_message": "", "user": 1, "content_type": 12}}, {"pk": 150, "model": "admin.logentry", "fields": {"action_flag": 1, "action_time": "2009-05-29 21:03:34", "object_repr": "Baker Bookstore", "object_id": "5", "change_message": "", "user": 1, "content_type": 12}}, {"pk": 149, "model": "admin.logentry", "fields": {"action_flag": 1, "action_time": "2009-05-29 21:03:26", "object_repr": "Art Annex", "object_id": "4", "change_message": "", "user": 1, "content_type": 12}}, {"pk": 148, "model": "admin.logentry", "fields": {"action_flag": 1, "action_time": "2009-05-29 21:03:11", "object_repr": "Art & Design Gallery", "object_id": "3", "change_message": "", "user": 1, "content_type": 12}}, {"pk": 147, "model": "admin.logentry", "fields": {"action_flag": 2, "action_time": "2009-05-29 21:02:51", "object_repr": "Center for Archaeological Research", "object_id": "2", "change_message": "No fields changed.", "user": 1, "content_type": 12}}, {"pk": 146, "model": "admin.logentry", "fields": {"action_flag": 1, "action_time": "2009-05-29 21:02:48", "object_repr": "Center for Archaeological Research", "object_id": "2", "change_message": "", "user": 1, "content_type": 12}}, {"pk": 145, "model": "admin.logentry", "fields": {"action_flag": 2, "action_time": "2009-05-29 21:01:08", "object_repr": "66 Place", "object_id": "1", "change_message": "No fields changed.", "user": 1, "content_type": 12}}, {"pk": 144, "model": "admin.logentry", "fields": {"action_flag": 2, "action_time": "2009-05-29 21:00:30", "object_repr": "66 Place", "object_id": "1", "change_message": "Changed abbreviation.", "user": 1, "content_type": 12}}, {"pk": 143, "model": "admin.logentry", "fields": {"action_flag": 2, "action_time": "2009-05-29 21:00:22", "object_repr": "66 Place", "object_id": "1", "change_message": "Changed abbreviation.", "user": 1, "content_type": 12}}, {"pk": 142, "model": "admin.logentry", "fields": {"action_flag": 2, "action_time": "2009-05-29 21:00:15", "object_repr": "66 Place", "object_id": "1", "change_message": "No fields changed.", "user": 1, "content_type": 12}}, {"pk": 141, "model": "admin.logentry", "fields": {"action_flag": 2, "action_time": "2009-05-29 21:00:12", "object_repr": "66 Place", "object_id": "1", "change_message": "Changed abbreviation.", "user": 1, "content_type": 12}}, {"pk": 140, "model": "admin.logentry", "fields": {"action_flag": 2, "action_time": "2009-05-29 21:00:00", "object_repr": "66 Place", "object_id": "1", "change_message": "No fields changed.", "user": 1, "content_type": 12}}, {"pk": 139, "model": "admin.logentry", "fields": {"action_flag": 1, "action_time": "2009-05-29 20:49:44", "object_repr": "66 Place", "object_id": "1", "change_message": "", "user": 1, "content_type": 12}}, {"pk": 138, "model": "admin.logentry", "fields": {"action_flag": 2, "action_time": "2009-05-29 20:48:27", "object_repr": "China", "object_id": "4", "change_message": "Changed zip_code.", "user": 1, "content_type": 11}}, {"pk": 137, "model": "admin.logentry", "fields": {"action_flag": 2, "action_time": "2009-05-29 20:47:42", "object_repr": "China", "object_id": "4", "change_message": "No fields changed.", "user": 1, "content_type": 11}}, {"pk": 136, "model": "admin.logentry", "fields": {"action_flag": 2, "action_time": "2009-05-29 20:47:01", "object_repr": "China", "object_id": "4", "change_message": "Changed name.", "user": 1, "content_type": 11}}, {"pk": 135, "model": "admin.logentry", "fields": {"action_flag": 1, "action_time": "2009-05-29 20:46:52", "object_repr": "Dalian", "object_id": "4", "change_message": "", "user": 1, "content_type": 11}}, {"pk": 134, "model": "admin.logentry", "fields": {"action_flag": 1, "action_time": "2009-05-29 20:42:36", "object_repr": "Mountain Grove", "object_id": "3", "change_message": "", "user": 1, "content_type": 11}}, {"pk": 133, "model": "admin.logentry", "fields": {"action_flag": 2, "action_time": "2009-05-29 20:41:47", "object_repr": "Springfield", "object_id": "1", "change_message": "No fields changed.", "user": 1, "content_type": 11}}, {"pk": 132, "model": "admin.logentry", "fields": {"action_flag": 2, "action_time": "2009-05-29 20:41:38", "object_repr": "West Plains", "object_id": "2", "change_message": "Changed phone.", "user": 1, "content_type": 11}}, {"pk": 131, "model": "admin.logentry", "fields": {"action_flag": 2, "action_time": "2009-05-29 20:41:12", "object_repr": "Springfield", "object_id": "1", "change_message": "Changed phone.", "user": 1, "content_type": 11}}, {"pk": 130, "model": "admin.logentry", "fields": {"action_flag": 1, "action_time": "2009-05-29 20:35:49", "object_repr": "West Plains", "object_id": "2", "change_message": "", "user": 1, "content_type": 11}}, {"pk": 129, "model": "admin.logentry", "fields": {"action_flag": 1, "action_time": "2009-05-29 20:34:44", "object_repr": "Springfield", "object_id": "1", "change_message": "", "user": 1, "content_type": 11}}, {"pk": 128, "model": "admin.logentry", "fields": {"action_flag": 2, "action_time": "2009-05-29 20:20:03", "object_repr": "Office of the Provost", "object_id": "2", "change_message": "No fields changed.", "user": 1, "content_type": 8}}, {"pk": 127, "model": "admin.logentry", "fields": {"action_flag": 2, "action_time": "2009-05-29 20:19:36", "object_repr": "Camps & Academies", "object_id": "14", "change_message": "Added department \"Missouri Fine Arts Academy\". Added department \"Upward Bound\".", "user": 1, "content_type": 8}}, {"pk": 126, "model": "admin.logentry", "fields": {"action_flag": 2, "action_time": "2009-05-29 20:18:18", "object_repr": "Camps & Academies", "object_id": "14", "change_message": "Changed name and abbreviation. Added department \"Camp Bear\". Added department \"Public Affairs Academy\". Added department \"Sports Camps\".", "user": 1, "content_type": 8}}, {"pk": 125, "model": "admin.logentry", "fields": {"action_flag": 2, "action_time": "2009-05-29 20:15:23", "object_repr": "Individualized Majors", "object_id": "145", "change_message": "Added sub department \"Swimming\". Added sub department \"Track & Field\". Added sub department \"Volleyball\".", "user": 1, "content_type": 9}}, {"pk": 124, "model": "admin.logentry", "fields": {"action_flag": 2, "action_time": "2009-05-29 20:15:11", "object_repr": "Individualized Majors", "object_id": "145", "change_message": "Added sub department \"Men's Golf\". Added sub department \"Women's Golf\". Added sub department \"Softball\".", "user": 1, "content_type": 9}}, {"pk": 123, "model": "admin.logentry", "fields": {"action_flag": 2, "action_time": "2009-05-29 20:14:10", "object_repr": "Individualized Majors", "object_id": "145", "change_message": "Added sub department \"Cross Country\". Added sub department \"Field Hockey\". Added sub department \"Football\".", "user": 1, "content_type": 9}}, {"pk": 122, "model": "admin.logentry", "fields": {"action_flag": 2, "action_time": "2009-05-29 20:13:01", "object_repr": "Individualized Majors", "object_id": "145", "change_message": "Changed name. Added sub department \"Baseball\". Added sub department \"Men's Basketball\". Added sub department \"Women's Basketball\".", "user": 1, "content_type": 9}}, {"pk": 121, "model": "admin.logentry", "fields": {"action_flag": 2, "action_time": "2009-05-29 20:12:35", "object_repr": "University Advancement", "object_id": "13", "change_message": "Added department \"Sugar Bears\". Added department \"University Relations\". Added department \"Equity & Diversity\".", "user": 1, "content_type": 8}}, {"pk": 120, "model": "admin.logentry", "fields": {"action_flag": 2, "action_time": "2009-05-29 20:11:49", "object_repr": "University Advancement", "object_id": "13", "change_message": "Added department \"Plaster Sports Complex\". Added department \"Intercollegiate Athletics\". Added department \"Spirit Squads/Cheerleading\".", "user": 1, "content_type": 8}}, {"pk": 119, "model": "admin.logentry", "fields": {"action_flag": 2, "action_time": "2009-05-29 20:11:18", "object_repr": "University Advancement", "object_id": "13", "change_message": "Added department \"Development & Alumni Relations\". Added department \"Juanita K. Hammons Hall (HHPA)\". Added department \"Hammons Student Center\".", "user": 1, "content_type": 8}}, {"pk": 118, "model": "admin.logentry", "fields": {"action_flag": 2, "action_time": "2009-05-29 20:08:19", "object_repr": "Student Success", "object_id": "147", "change_message": "Added sub department \"Introduction to University Life\". Added sub department \"TRIO\". Added sub department \"Partners in Education\".", "user": 1, "content_type": 9}}, {"pk": 117, "model": "admin.logentry", "fields": {"action_flag": 2, "action_time": "2009-05-29 20:07:45", "object_repr": "University College", "object_id": "12", "change_message": "Added department \"Writing Center\". Added department \"First Year Program\". Added department \"Campus Compact\".", "user": 1, "content_type": 8}}, {"pk": 116, "model": "admin.logentry", "fields": {"action_flag": 2, "action_time": "2009-05-29 20:07:22", "object_repr": "University College", "object_id": "12", "change_message": "Added department \"Individualized Majoers\". Added department \"Study Away\". Added department \"Student Success\".", "user": 1, "content_type": 8}}, {"pk": 115, "model": "admin.logentry", "fields": {"action_flag": 2, "action_time": "2009-05-29 20:00:46", "object_repr": "University College", "object_id": "12", "change_message": "Added department \"Academic Advisement\". Added department \"Collegiate Reading & Learning\". Added department \"Honors College\".", "user": 1, "content_type": 8}}, {"pk": 114, "model": "admin.logentry", "fields": {"action_flag": 2, "action_time": "2009-05-29 19:59:57", "object_repr": "Student Affairs", "object_id": "11", "change_message": "Added department \"Association of International Students\".", "user": 1, "content_type": 8}}, {"pk": 113, "model": "admin.logentry", "fields": {"action_flag": 2, "action_time": "2009-05-29 19:58:28", "object_repr": "College of Humanities & Public Affairs", "object_id": "8", "change_message": "Added department \"African American Studies\".", "user": 1, "content_type": 8}}, {"pk": 112, "model": "admin.logentry", "fields": {"action_flag": 2, "action_time": "2009-05-29 19:56:33", "object_repr": "Student Affairs", "object_id": "11", "change_message": "Added department \"Taylor Health & Wellness\". Added department \"Rentention Services\". Added department \"Intramural Sports & Sports Clubs\".", "user": 1, "content_type": 8}}, {"pk": 111, "model": "admin.logentry", "fields": {"action_flag": 2, "action_time": "2009-05-29 19:56:12", "object_repr": "Student Affairs", "object_id": "11", "change_message": "Added department \"Student Organizations\". Added department \"SAC\". Added department \"Greek Life\".", "user": 1, "content_type": 8}}, {"pk": 110, "model": "admin.logentry", "fields": {"action_flag": 2, "action_time": "2009-05-29 19:55:46", "object_repr": "Student Affairs", "object_id": "11", "change_message": "Added department \"Records & Registration\". Added department \"Residence Life & Services\". Added department \"SOAR\".", "user": 1, "content_type": 8}}, {"pk": 109, "model": "admin.logentry", "fields": {"action_flag": 2, "action_time": "2009-05-29 19:55:21", "object_repr": "Student Affairs", "object_id": "11", "change_message": "Added department \"Multicultural Resource Center\". Added department \"Multicultural Student Services\". Added department \"Conference Services\".", "user": 1, "content_type": 8}}, {"pk": 108, "model": "admin.logentry", "fields": {"action_flag": 2, "action_time": "2009-05-29 19:46:58", "object_repr": "Student Affairs", "object_id": "11", "change_message": "Added department \"Financial Aid\". Added department \"Sodexho\". Added department \"Enrollment Services\".", "user": 1, "content_type": 8}}, {"pk": 107, "model": "admin.logentry", "fields": {"action_flag": 2, "action_time": "2009-05-29 19:46:46", "object_repr": "Student Affairs", "object_id": "11", "change_message": "Added department \"Cooperative Education\". Added department \"Counseling and Testing\". Added department \"Disability Services\".", "user": 1, "content_type": 8}}, {"pk": 106, "model": "admin.logentry", "fields": {"action_flag": 2, "action_time": "2009-05-29 19:46:22", "object_repr": "Student Affairs", "object_id": "11", "change_message": "Added department \"Admissions\". Added department \"Bookstore\". Added department \"Career Center\".", "user": 1, "content_type": 8}}, {"pk": 105, "model": "admin.logentry", "fields": {"action_flag": 2, "action_time": "2009-05-29 19:39:56", "object_repr": "Broadcast Services", "object_id": "117", "change_message": "Added sub department \"Ozarks Public Television\". Added sub department \"KSMU\".", "user": 1, "content_type": 9}}, {"pk": 104, "model": "admin.logentry", "fields": {"action_flag": 2, "action_time": "2009-05-29 19:39:34", "object_repr": "Administrative Services", "object_id": "10", "change_message": "Added department \"Broadcast Services\". Added department \"Facilities Management\".", "user": 1, "content_type": 8}}, {"pk": 103, "model": "admin.logentry", "fields": {"action_flag": 2, "action_time": "2009-05-29 19:38:31", "object_repr": "Administrative Services", "object_id": "10", "change_message": "Added department \"Human Resources\". Added department \"Information Technology\". Added department \"Web & New Media\".", "user": 1, "content_type": 8}}, {"pk": 102, "model": "admin.logentry", "fields": {"action_flag": 2, "action_time": "2009-05-29 19:37:42", "object_repr": "Administrative Services", "object_id": "10", "change_message": "Added department \"Safety & Transportation\". Added department \"Communication Services\". Added department \"Computer Services\".", "user": 1, "content_type": 8}}, {"pk": 101, "model": "admin.logentry", "fields": {"action_flag": 2, "action_time": "2009-05-29 19:37:22", "object_repr": "Administrative Services", "object_id": "10", "change_message": "Added department \"Administrative Services\". Added department \"Physical Plant\". Added department \"Design & Construction\".", "user": 1, "content_type": 8}}, {"pk": 100, "model": "admin.logentry", "fields": {"action_flag": 3, "action_time": "2009-05-29 19:30:57", "object_repr": "Hospitality and Restaurant Administration", "object_id": "40", "change_message": "", "user": 1, "content_type": 9}}, {"pk": 99, "model": "admin.logentry", "fields": {"action_flag": 2, "action_time": "2009-05-29 19:30:38", "object_repr": "Applied Consumer Sciences", "object_id": "92", "change_message": "Added sub department \"Vocational Family & Consumer Sciences\".", "user": 1, "content_type": 9}}, {"pk": 98, "model": "admin.logentry", "fields": {"action_flag": 2, "action_time": "2009-05-29 19:30:23", "object_repr": "Applied Consumer Sciences", "object_id": "92", "change_message": "Added sub department \"Clothing, Textiles, & Merchandising\". Added sub department \"Hospitality and Restaurant Administration\". Added sub department \"Housing & Interior Design\".", "user": 1, "content_type": 9}}, {"pk": 97, "model": "admin.logentry", "fields": {"action_flag": 2, "action_time": "2009-05-29 19:28:04", "object_repr": "College of Natural & Applied Sciences", "object_id": "9", "change_message": "Added department \"Baker Observatory\".", "user": 1, "content_type": 8}}, {"pk": 96, "model": "admin.logentry", "fields": {"action_flag": 2, "action_time": "2009-05-29 19:27:57", "object_repr": "College of Natural & Applied Sciences", "object_id": "9", "change_message": "Added department \"Missouri Virtual School\". Added department \"Jordan Valley Innovation Center\". Added department \"Science/Math/Technology\".", "user": 1, "content_type": 8}}, {"pk": 95, "model": "admin.logentry", "fields": {"action_flag": 2, "action_time": "2009-05-29 19:27:36", "object_repr": "College of Natural & Applied Sciences", "object_id": "9", "change_message": "Added department \"Resource Planning & Management\". Added department \"Scientific Research & Education\". Added department \"Mid-American Center for Viticulture/Ecology\".", "user": 1, "content_type": 8}}, {"pk": 94, "model": "admin.logentry", "fields": {"action_flag": 2, "action_time": "2009-05-29 19:27:02", "object_repr": "College of Natural & Applied Sciences", "object_id": "9", "change_message": "Added department \"Geography, Geology, & Planning\". Added department \"Mathematics\". Added department \"Physics, Astronomy & Material Science\".", "user": 1, "content_type": 8}}, {"pk": 93, "model": "admin.logentry", "fields": {"action_flag": 2, "action_time": "2009-05-29 19:26:33", "object_repr": "College of Natural & Applied Sciences", "object_id": "9", "change_message": "Added department \"Chemistry\". Added department \"Computer Science\". Added department \"Fruit Science\".", "user": 1, "content_type": 8}}, {"pk": 92, "model": "admin.logentry", "fields": {"action_flag": 2, "action_time": "2009-05-29 19:26:18", "object_repr": "College of Natural & Applied Sciences", "object_id": "9", "change_message": "Added department \"Applied Consumer Sciences\". Added department \"Agriculture\". Added department \"Biology\".", "user": 1, "content_type": 8}}, {"pk": 91, "model": "admin.logentry", "fields": {"action_flag": 2, "action_time": "2009-05-29 19:25:54", "object_repr": "College of Humanities & Public Affairs", "object_id": "8", "change_message": "Added department \"Center for Social Science & Public Policy Research\". Added department \"Bureau of Economic Research\".", "user": 1, "content_type": 8}}, {"pk": 90, "model": "admin.logentry", "fields": {"action_flag": 2, "action_time": "2009-05-29 19:25:16", "object_repr": "College of Humanities & Public Affairs", "object_id": "8", "change_message": "Added department \"Religious Studies\". Added department \"Sociology, Anthropology & Criminology\". Added department \"Center for Archaeological Research\".", "user": 1, "content_type": 8}}, {"pk": 89, "model": "admin.logentry", "fields": {"action_flag": 2, "action_time": "2009-05-29 19:24:42", "object_repr": "College of Humanities & Public Affairs", "object_id": "8", "change_message": "Added department \"Military Science\". Added department \"Philosophy\". Added department \"Political Science\".", "user": 1, "content_type": 8}}, {"pk": 88, "model": "admin.logentry", "fields": {"action_flag": 2, "action_time": "2009-05-29 19:24:13", "object_repr": "College of Humanities & Public Affairs", "object_id": "8", "change_message": "Added department \"Defense & Strategic Studies\". Added department \"Economics\". Added department \"History\".", "user": 1, "content_type": 8}}, {"pk": 87, "model": "admin.logentry", "fields": {"action_flag": 2, "action_time": "2009-05-29 19:23:49", "object_repr": "College of Health & Human Services", "object_id": "7", "change_message": "Added department \"Learning Diagnostic Center\". Added department \"Recreation & Leisure Studies\". Added department \"Speech, Language, & Hearing Clinic\". Changed name for department \"Communication Science and Disorders\".", "user": 1, "content_type": 8}}, {"pk": 86, "model": "admin.logentry", "fields": {"action_flag": 2, "action_time": "2009-05-29 19:23:14", "object_repr": "College of Health & Human Services", "object_id": "7", "change_message": "Added department \"Psychology & Gerontology\". Added department \"Social Work\". Added department \"Sports Medicine & Athletic Training\".", "user": 1, "content_type": 8}}, {"pk": 85, "model": "admin.logentry", "fields": {"action_flag": 2, "action_time": "2009-05-29 19:22:42", "object_repr": "College of Health & Human Services", "object_id": "7", "change_message": "Added department \"Nursing\". Added department \"Physical Therapy\". Added department \"Physician Assistant Studies\".", "user": 1, "content_type": 8}}, {"pk": 84, "model": "admin.logentry", "fields": {"action_flag": 2, "action_time": "2009-05-29 19:21:56", "object_repr": "College of Health & Human Services", "object_id": "7", "change_message": "Added department \"Biomedical Sciences\". Added department \"Communication Science and Disorders\". Added department \"Health, Physical Education, & Recreation\".", "user": 1, "content_type": 8}}, {"pk": 83, "model": "admin.logentry", "fields": {"action_flag": 2, "action_time": "2009-05-29 19:21:10", "object_repr": "The Extended Campus & Continuing Education", "object_id": "6", "change_message": "Added department \"International Student Services\". Added department \"Office of Public Affairs\". Added department \"Publications & Marketing\".", "user": 1, "content_type": 8}}, {"pk": 82, "model": "admin.logentry", "fields": {"action_flag": 2, "action_time": "2009-05-29 19:20:52", "object_repr": "The Extended Campus & Continuing Education", "object_id": "6", "change_message": "Added department \"Academic Development Center\". Added department \"Registration Services\". Added department \"International Programs & Affairs\".", "user": 1, "content_type": 8}}, {"pk": 81, "model": "admin.logentry", "fields": {"action_flag": 2, "action_time": "2009-05-29 19:20:28", "object_repr": "The Extended Campus & Continuing Education", "object_id": "6", "change_message": "Added department \"Special Credit Program Services\". Added department \"English Language Institute\". Added department \"Educational Technology Center\".", "user": 1, "content_type": 8}}, {"pk": 80, "model": "admin.logentry", "fields": {"action_flag": 2, "action_time": "2009-05-29 19:19:50", "object_repr": "The Extended Campus & Continuing Education", "object_id": "6", "change_message": "Added department \"Academic Outreach & Distance Learning\". Added department \"Center for Continuing Education and Professional Education\". Added department \"Evening College & Adult Student Services\".", "user": 1, "content_type": 8}}, {"pk": 79, "model": "admin.logentry", "fields": {"action_flag": 2, "action_time": "2009-05-29 19:19:02", "object_repr": "College of Education", "object_id": "5", "change_message": "Added department \"Institution for School Improvement\". Added department \"STARRS\". Added department \"Southwest Regional Professional Development Center\".", "user": 1, "content_type": 8}}, {"pk": 78, "model": "admin.logentry", "fields": {"action_flag": 2, "action_time": "2009-05-29 19:18:33", "object_repr": "College of Education", "object_id": "5", "change_message": "Added department \"Child Development Center\". Added department \"Literary Center\". Added department \"Professional Education Unit\".", "user": 1, "content_type": 8}}, {"pk": 77, "model": "admin.logentry", "fields": {"action_flag": 2, "action_time": "2009-05-29 19:17:43", "object_repr": "Education Student Services", "object_id": "50", "change_message": "Deleted sub department \"Advisement Center\".", "user": 1, "content_type": 9}}, {"pk": 76, "model": "admin.logentry", "fields": {"action_flag": 2, "action_time": "2009-05-29 19:16:18", "object_repr": "Education Student Services", "object_id": "50", "change_message": "Added sub department \"BEARS\".", "user": 1, "content_type": 9}}, {"pk": 75, "model": "admin.logentry", "fields": {"action_flag": 1, "action_time": "2009-05-29 19:16:05", "object_repr": "Education Student Services", "object_id": "50", "change_message": "", "user": 1, "content_type": 9}}, {"pk": 74, "model": "admin.logentry", "fields": {"action_flag": 1, "action_time": "2009-05-29 19:15:44", "object_repr": "Educational Advisement Center", "object_id": "49", "change_message": "", "user": 1, "content_type": 9}}, {"pk": 73, "model": "admin.logentry", "fields": {"action_flag": 1, "action_time": "2009-05-29 19:15:33", "object_repr": "Assistive Technology", "object_id": "48", "change_message": "", "user": 1, "content_type": 9}}, {"pk": 72, "model": "admin.logentry", "fields": {"action_flag": 2, "action_time": "2009-05-29 19:15:14", "object_repr": "School of Teacher Education", "object_id": "47", "change_message": "Added sub department \"Secondary Education\". Added sub department \"Special Education\".", "user": 1, "content_type": 9}}, {"pk": 71, "model": "admin.logentry", "fields": {"action_flag": 1, "action_time": "2009-05-29 19:15:01", "object_repr": "School of Teacher Education", "object_id": "47", "change_message": "", "user": 1, "content_type": 9}}, {"pk": 70, "model": "admin.logentry", "fields": {"action_flag": 1, "action_time": "2009-05-29 19:14:03", "object_repr": "Library", "object_id": "46", "change_message": "", "user": 1, "content_type": 9}}, {"pk": 69, "model": "admin.logentry", "fields": {"action_flag": 1, "action_time": "2009-05-29 19:13:56", "object_repr": "Greenwood Laboratory School", "object_id": "45", "change_message": "", "user": 1, "content_type": 9}}, {"pk": 68, "model": "admin.logentry", "fields": {"action_flag": 1, "action_time": "2009-05-29 19:13:43", "object_repr": "Reading, Foundations, & Technology", "object_id": "44", "change_message": "", "user": 1, "content_type": 9}}, {"pk": 67, "model": "admin.logentry", "fields": {"action_flag": 1, "action_time": "2009-05-29 19:13:12", "object_repr": "Childhood Education & Family Studies", "object_id": "43", "change_message": "", "user": 1, "content_type": 9}}, {"pk": 66, "model": "admin.logentry", "fields": {"action_flag": 1, "action_time": "2009-05-29 19:12:42", "object_repr": "Counseling, Leadership, and Special Education", "object_id": "42", "change_message": "", "user": 1, "content_type": 9}}, {"pk": 64, "model": "admin.logentry", "fields": {"action_flag": 3, "action_time": "2009-05-29 19:05:09", "object_repr": "Center for Dispute Resolution", "object_id": "41", "change_message": "", "user": 1, "content_type": 9}}, {"pk": 63, "model": "admin.logentry", "fields": {"action_flag": 2, "action_time": "2009-05-29 19:04:18", "object_repr": "College of Business Administration", "object_id": "4", "change_message": "Added department \"Hospitality and Restaurant Administration\". Added department \"Center for Dispute Resolution\". Changed name for department \"LBED\". Deleted department \"Business and Economic Development\".", "user": 1, "content_type": 8}}, {"pk": 62, "model": "admin.logentry", "fields": {"action_flag": 2, "action_time": "2009-05-29 19:02:12", "object_repr": "College of Business Administration", "object_id": "4", "change_message": "Added department \"Management Development Institute\". Added department \"Small Business Development Center\". Added department \"LBED\".", "user": 1, "content_type": 8}}, {"pk": 61, "model": "admin.logentry", "fields": {"action_flag": 2, "action_time": "2009-05-29 19:01:33", "object_repr": "College of Business Administration", "object_id": "4", "change_message": "Added department \"Marketing\". Added department \"Center for Industrial Products\". Added department \"International Business\".", "user": 1, "content_type": 8}}, {"pk": 60, "model": "admin.logentry", "fields": {"action_flag": 2, "action_time": "2009-05-29 19:01:18", "object_repr": "College of Business Administration", "object_id": "4", "change_message": "Added department \"Business Advisement Center\". Added department \"Business and Economic Development\". Added department \"Management\".", "user": 1, "content_type": 8}}, {"pk": 59, "model": "admin.logentry", "fields": {"action_flag": 1, "action_time": "2009-05-29 19:00:35", "object_repr": "Finance & General Business", "object_id": "30", "change_message": "", "user": 1, "content_type": 9}}, {"pk": 58, "model": "admin.logentry", "fields": {"action_flag": 1, "action_time": "2009-05-29 19:00:21", "object_repr": "Accountancy", "object_id": "29", "change_message": "", "user": 1, "content_type": 9}}, {"pk": 57, "model": "admin.logentry", "fields": {"action_flag": 2, "action_time": "2009-05-29 18:58:51", "object_repr": "Music", "object_id": "24", "change_message": "Added program \"Band Program\". Added program \"Color Guard Program\". Added program \"Orchestra Program\".", "user": 1, "content_type": 9}}, {"pk": 56, "model": "admin.logentry", "fields": {"action_flag": 2, "action_time": "2009-05-29 18:57:38", "object_repr": "Modern & Classical Languages", "object_id": "22", "change_message": "No fields changed.", "user": 1, "content_type": 9}}, {"pk": 55, "model": "admin.logentry", "fields": {"action_flag": 2, "action_time": "2009-05-29 18:57:34", "object_repr": "Modern & Classical Languages", "object_id": "22", "change_message": "Added program \"Portugese\". Added program \"Russian\". Added program \"Spanish\".", "user": 1, "content_type": 9}}, {"pk": 54, "model": "admin.logentry", "fields": {"action_flag": 2, "action_time": "2009-05-29 18:57:21", "object_repr": "Modern & Classical Languages", "object_id": "22", "change_message": "Added program \"Italian\". Added program \"Japanese\". Added program \"Latin\".", "user": 1, "content_type": 9}}, {"pk": 53, "model": "admin.logentry", "fields": {"action_flag": 2, "action_time": "2009-05-29 18:57:07", "object_repr": "Modern & Classical Languages", "object_id": "22", "change_message": "Added program \"German\". Added program \"Greek\". Added program \"Hebrew\".", "user": 1, "content_type": 9}}, {"pk": 52, "model": "admin.logentry", "fields": {"action_flag": 2, "action_time": "2009-05-29 18:56:54", "object_repr": "Modern & Classical Languages", "object_id": "22", "change_message": "Added program \"Arabic\". Added program \"Chinese\". Added program \"French\".", "user": 1, "content_type": 9}}, {"pk": 51, "model": "admin.logentry", "fields": {"action_flag": 1, "action_time": "2009-05-29 18:51:15", "object_repr": "The Standard", "object_id": "28", "change_message": "", "user": 1, "content_type": 9}}, {"pk": 50, "model": "admin.logentry", "fields": {"action_flag": 1, "action_time": "2009-05-29 18:51:09", "object_repr": "Ozarks Watch", "object_id": "27", "change_message": "", "user": 1, "content_type": 9}}, {"pk": 49, "model": "admin.logentry", "fields": {"action_flag": 1, "action_time": "2009-05-29 18:51:03", "object_repr": "Center for Arts in Schools", "object_id": "26", "change_message": "", "user": 1, "content_type": 9}}, {"pk": 48, "model": "admin.logentry", "fields": {"action_flag": 1, "action_time": "2009-05-29 18:50:56", "object_repr": "Theatre & Dance", "object_id": "25", "change_message": "", "user": 1, "content_type": 9}}, {"pk": 47, "model": "admin.logentry", "fields": {"action_flag": 1, "action_time": "2009-05-29 18:50:47", "object_repr": "Music", "object_id": "24", "change_message": "", "user": 1, "content_type": 9}}, {"pk": 46, "model": "admin.logentry", "fields": {"action_flag": 1, "action_time": "2009-05-29 18:50:43", "object_repr": "Modern & Classical Languages Lab", "object_id": "23", "change_message": "", "user": 1, "content_type": 9}}, {"pk": 45, "model": "admin.logentry", "fields": {"action_flag": 1, "action_time": "2009-05-29 18:50:35", "object_repr": "Modern & Classical Languages", "object_id": "22", "change_message": "", "user": 1, "content_type": 9}}, {"pk": 44, "model": "admin.logentry", "fields": {"action_flag": 1, "action_time": "2009-05-29 18:50:24", "object_repr": "Media, Journalism, & Film", "object_id": "21", "change_message": "", "user": 1, "content_type": 9}}, {"pk": 43, "model": "admin.logentry", "fields": {"action_flag": 1, "action_time": "2009-05-29 18:50:17", "object_repr": "English", "object_id": "20", "change_message": "", "user": 1, "content_type": 9}}, {"pk": 42, "model": "admin.logentry", "fields": {"action_flag": 1, "action_time": "2009-05-29 18:50:14", "object_repr": "Communications", "object_id": "19", "change_message": "", "user": 1, "content_type": 9}}, {"pk": 41, "model": "admin.logentry", "fields": {"action_flag": 1, "action_time": "2009-05-29 18:50:01", "object_repr": "Art & Design", "object_id": "18", "change_message": "", "user": 1, "content_type": 9}}, {"pk": 40, "model": "admin.logentry", "fields": {"action_flag": 2, "action_time": "2009-05-29 18:46:14", "object_repr": "Board of Regents/Governors", "object_id": "2", "change_message": "No fields changed.", "user": 1, "content_type": 9}}, {"pk": 39, "model": "admin.logentry", "fields": {"action_flag": 1, "action_time": "2009-05-29 18:40:08", "object_repr": "General Education Program", "object_id": "17", "change_message": "", "user": 1, "content_type": 9}}, {"pk": 38, "model": "admin.logentry", "fields": {"action_flag": 1, "action_time": "2009-05-29 18:40:02", "object_repr": "Institutional Research", "object_id": "16", "change_message": "", "user": 1, "content_type": 9}}, {"pk": 37, "model": "admin.logentry", "fields": {"action_flag": 1, "action_time": "2009-05-29 18:39:51", "object_repr": "Graduate College", "object_id": "15", "change_message": "", "user": 1, "content_type": 9}}, {"pk": 36, "model": "admin.logentry", "fields": {"action_flag": 1, "action_time": "2009-05-29 18:39:43", "object_repr": "CNAS", "object_id": "14", "change_message": "", "user": 1, "content_type": 9}}, {"pk": 35, "model": "admin.logentry", "fields": {"action_flag": 1, "action_time": "2009-05-29 18:39:40", "object_repr": "CHPA", "object_id": "13", "change_message": "", "user": 1, "content_type": 9}}, {"pk": 34, "model": "admin.logentry", "fields": {"action_flag": 1, "action_time": "2009-05-29 18:39:14", "object_repr": "CHHS", "object_id": "12", "change_message": "", "user": 1, "content_type": 9}}, {"pk": 33, "model": "admin.logentry", "fields": {"action_flag": 1, "action_time": "2009-05-29 18:39:06", "object_repr": "COE", "object_id": "11", "change_message": "", "user": 1, "content_type": 9}}, {"pk": 32, "model": "admin.logentry", "fields": {"action_flag": 1, "action_time": "2009-05-29 18:39:02", "object_repr": "The Extended Campus", "object_id": "10", "change_message": "", "user": 1, "content_type": 9}}, {"pk": 31, "model": "admin.logentry", "fields": {"action_flag": 1, "action_time": "2009-05-29 18:38:49", "object_repr": "COBA", "object_id": "9", "change_message": "", "user": 1, "content_type": 9}}, {"pk": 30, "model": "admin.logentry", "fields": {"action_flag": 1, "action_time": "2009-05-29 18:38:41", "object_repr": "COAL", "object_id": "8", "change_message": "", "user": 1, "content_type": 9}}, {"pk": 29, "model": "admin.logentry", "fields": {"action_flag": 1, "action_time": "2009-05-29 18:38:30", "object_repr": "CASL", "object_id": "7", "change_message": "", "user": 1, "content_type": 9}}, {"pk": 28, "model": "admin.logentry", "fields": {"action_flag": 1, "action_time": "2009-05-29 18:31:26", "object_repr": "Achievement Center for Athletics", "object_id": "6", "change_message": "", "user": 1, "content_type": 9}}, {"pk": 27, "model": "admin.logentry", "fields": {"action_flag": 1, "action_time": "2009-05-29 17:26:16", "object_repr": "Provost's Office", "object_id": "5", "change_message": "", "user": 1, "content_type": 9}}, {"pk": 26, "model": "admin.logentry", "fields": {"action_flag": 1, "action_time": "2009-05-29 17:26:05", "object_repr": "Vice President's Office", "object_id": "4", "change_message": "", "user": 1, "content_type": 9}}, {"pk": 25, "model": "admin.logentry", "fields": {"action_flag": 1, "action_time": "2009-05-29 17:25:57", "object_repr": "President's Office", "object_id": "3", "change_message": "", "user": 1, "content_type": 9}}, {"pk": 24, "model": "admin.logentry", "fields": {"action_flag": 1, "action_time": "2009-05-29 17:25:47", "object_repr": "Board of Regents/Governors", "object_id": "2", "change_message": "", "user": 1, "content_type": 9}}, {"pk": 23, "model": "admin.logentry", "fields": {"action_flag": 1, "action_time": "2009-05-29 16:48:48", "object_repr": "Computer Information Systems", "object_id": "1", "change_message": "", "user": 1, "content_type": 9}}, {"pk": 22, "model": "admin.logentry", "fields": {"action_flag": 2, "action_time": "2009-05-29 16:40:58", "object_repr": "Camps/Academies", "object_id": "14", "change_message": "No fields changed.", "user": 1, "content_type": 8}}, {"pk": 21, "model": "admin.logentry", "fields": {"action_flag": 2, "action_time": "2009-05-29 16:40:49", "object_repr": "Central Administration", "object_id": "1", "change_message": "No fields changed.", "user": 1, "content_type": 8}}, {"pk": 20, "model": "admin.logentry", "fields": {"action_flag": 2, "action_time": "2009-05-29 16:40:45", "object_repr": "Central Administration", "object_id": "1", "change_message": "Changed abbreviation.", "user": 1, "content_type": 8}}, {"pk": 19, "model": "admin.logentry", "fields": {"action_flag": 2, "action_time": "2009-05-29 16:40:21", "object_repr": "Central Administration", "object_id": "1", "change_message": "Changed abbreviation.", "user": 1, "content_type": 8}}, {"pk": 18, "model": "admin.logentry", "fields": {"action_flag": 2, "action_time": "2009-05-29 16:36:03", "object_repr": "Office of the Provost", "object_id": "2", "change_message": "Changed abbreviation.", "user": 1, "content_type": 8}}, {"pk": 17, "model": "admin.logentry", "fields": {"action_flag": 2, "action_time": "2009-05-29 16:32:40", "object_repr": "Administrative Services", "object_id": "10", "change_message": "No fields changed.", "user": 1, "content_type": 8}}, {"pk": 16, "model": "admin.logentry", "fields": {"action_flag": 2, "action_time": "2009-05-29 16:32:37", "object_repr": "Central Administration", "object_id": "1", "change_message": "Changed abbreviation.", "user": 1, "content_type": 8}}, {"pk": 15, "model": "admin.logentry", "fields": {"action_flag": 2, "action_time": "2009-05-29 16:32:16", "object_repr": "Office of the Provost", "object_id": "2", "change_message": "Changed name.", "user": 1, "content_type": 8}}, {"pk": 14, "model": "admin.logentry", "fields": {"action_flag": 1, "action_time": "2009-05-29 16:32:03", "object_repr": "Camps/Academies", "object_id": "14", "change_message": "", "user": 1, "content_type": 8}}, {"pk": 13, "model": "admin.logentry", "fields": {"action_flag": 1, "action_time": "2009-05-29 16:31:51", "object_repr": "University Advancement", "object_id": "13", "change_message": "", "user": 1, "content_type": 8}}, {"pk": 12, "model": "admin.logentry", "fields": {"action_flag": 1, "action_time": "2009-05-29 16:31:44", "object_repr": "University College", "object_id": "12", "change_message": "", "user": 1, "content_type": 8}}, {"pk": 11, "model": "admin.logentry", "fields": {"action_flag": 1, "action_time": "2009-05-29 16:31:39", "object_repr": "Student Affairs", "object_id": "11", "change_message": "", "user": 1, "content_type": 8}}, {"pk": 10, "model": "admin.logentry", "fields": {"action_flag": 1, "action_time": "2009-05-29 16:31:31", "object_repr": "Administrative Services", "object_id": "10", "change_message": "", "user": 1, "content_type": 8}}, {"pk": 9, "model": "admin.logentry", "fields": {"action_flag": 1, "action_time": "2009-05-29 16:31:11", "object_repr": "College of Natural & Applied Sciences", "object_id": "9", "change_message": "", "user": 1, "content_type": 8}}, {"pk": 8, "model": "admin.logentry", "fields": {"action_flag": 1, "action_time": "2009-05-29 16:30:59", "object_repr": "College of Humanities & Public Affairs", "object_id": "8", "change_message": "", "user": 1, "content_type": 8}}, {"pk": 7, "model": "admin.logentry", "fields": {"action_flag": 1, "action_time": "2009-05-29 16:30:49", "object_repr": "College of Health & Human Services", "object_id": "7", "change_message": "", "user": 1, "content_type": 8}}, {"pk": 6, "model": "admin.logentry", "fields": {"action_flag": 1, "action_time": "2009-05-29 16:30:40", "object_repr": "The Extended Campus & Continuing Education", "object_id": "6", "change_message": "", "user": 1, "content_type": 8}}, {"pk": 5, "model": "admin.logentry", "fields": {"action_flag": 1, "action_time": "2009-05-29 16:30:24", "object_repr": "College of Education", "object_id": "5", "change_message": "", "user": 1, "content_type": 8}}, {"pk": 4, "model": "admin.logentry", "fields": {"action_flag": 1, "action_time": "2009-05-29 16:30:12", "object_repr": "College of Business Administration", "object_id": "4", "change_message": "", "user": 1, "content_type": 8}}, {"pk": 3, "model": "admin.logentry", "fields": {"action_flag": 1, "action_time": "2009-05-29 16:29:59", "object_repr": "College of Arts & Letters", "object_id": "3", "change_message": "", "user": 1, "content_type": 8}}, {"pk": 2, "model": "admin.logentry", "fields": {"action_flag": 1, "action_time": "2009-05-29 16:29:45", "object_repr": "Provost", "object_id": "2", "change_message": "", "user": 1, "content_type": 8}}, {"pk": 1, "model": "admin.logentry", "fields": {"action_flag": 1, "action_time": "2009-05-29 16:29:22", "object_repr": "Central Administration", "object_id": "1", "change_message": "", "user": 1, "content_type": 8}}, {"pk": 10, "model": "structure.college", "fields": {"abbreviation": "ADMINSERV", "name": "Administrative Services"}}, {"pk": 14, "model": "structure.college", "fields": {"abbreviation": "C&A", "name": "Camps & Academies"}}, {"pk": 1, "model": "structure.college", "fields": {"abbreviation": "CENTADMIN", "name": "Central Administration"}}, {"pk": 3, "model": "structure.college", "fields": {"abbreviation": "COAL", "name": "College of Arts & Letters"}}, {"pk": 4, "model": "structure.college", "fields": {"abbreviation": "COBA", "name": "College of Business Administration"}}, {"pk": 5, "model": "structure.college", "fields": {"abbreviation": "COE", "name": "College of Education"}}, {"pk": 7, "model": "structure.college", "fields": {"abbreviation": "CHHS", "name": "College of Health & Human Services"}}, {"pk": 8, "model": "structure.college", "fields": {"abbreviation": "CHPA", "name": "College of Humanities & Public Affairs"}}, {"pk": 9, "model": "structure.college", "fields": {"abbreviation": "CNAS", "name": "College of Natural & Applied Sciences"}}, {"pk": 2, "model": "structure.college", "fields": {"abbreviation": "PROVOST", "name": "Office of the Provost"}}, {"pk": 11, "model": "structure.college", "fields": {"abbreviation": "SA", "name": "Student Affairs"}}, {"pk": 6, "model": "structure.college", "fields": {"abbreviation": "EC", "name": "The Extended Campus & Continuing Education"}}, {"pk": 13, "model": "structure.college", "fields": {"abbreviation": "UA", "name": "University Advancement"}}, {"pk": 12, "model": "structure.college", "fields": {"abbreviation": "UC", "name": "University College"}}, {"pk": 142, "model": "structure.department", "fields": {"college": 12, "name": "Academic Advisement"}}, {"pk": 63, "model": "structure.department", "fields": {"college": 6, "name": "Academic Development Center"}}, {"pk": 57, "model": "structure.department", "fields": {"college": 6, "name": "Academic Outreach & Distance Learning"}}, {"pk": 29, "model": "structure.department", "fields": {"college": 4, "name": "Accountancy"}}, {"pk": 6, "model": "structure.department", "fields": {"college": 2, "name": "Achievement Center for Athletics"}}, {"pk": 108, "model": "structure.department", "fields": {"college": 10, "name": "Administrative Services"}}, {"pk": 119, "model": "structure.department", "fields": {"college": 11, "name": "Admissions"}}, {"pk": 140, "model": "structure.department", "fields": {"college": 8, "name": "African American Studies"}}, {"pk": 93, "model": "structure.department", "fields": {"college": 9, "name": "Agriculture"}}, {"pk": 92, "model": "structure.department", "fields": {"college": 9, "name": "Applied Consumer Sciences"}}, {"pk": 18, "model": "structure.department", "fields": {"college": 3, "name": "Art & Design"}}, {"pk": 48, "model": "structure.department", "fields": {"college": 5, "name": "Assistive Technology"}}, {"pk": 141, "model": "structure.department", "fields": {"college": 11, "name": "Association of International Students"}}, {"pk": 107, "model": "structure.department", "fields": {"college": 9, "name": "Baker Observatory"}}, {"pk": 94, "model": "structure.department", "fields": {"college": 9, "name": "Biology"}}, {"pk": 69, "model": "structure.department", "fields": {"college": 7, "name": "Biomedical Sciences"}}, {"pk": 2, "model": "structure.department", "fields": {"college": 1, "name": "Board of Regents/Governors"}}, {"pk": 120, "model": "structure.department", "fields": {"college": 11, "name": "Bookstore"}}, {"pk": 117, "model": "structure.department", "fields": {"college": 10, "name": "Broadcast Services"}}, {"pk": 91, "model": "structure.department", "fields": {"college": 8, "name": "Bureau of Economic Research"}}, {"pk": 31, "model": "structure.department", "fields": {"college": 4, "name": "Business Advisement Center"}}, {"pk": 160, "model": "structure.department", "fields": {"college": 14, "name": "Camp Bear"}}, {"pk": 150, "model": "structure.department", "fields": {"college": 12, "name": "Campus Compact"}}, {"pk": 121, "model": "structure.department", "fields": {"college": 11, "name": "Career Center"}}, {"pk": 7, "model": "structure.department", "fields": {"college": 2, "name": "CASL"}}, {"pk": 89, "model": "structure.department", "fields": {"college": 8, "name": "Center for Archaeological Research"}}, {"pk": 26, "model": "structure.department", "fields": {"college": 3, "name": "Center for Arts in Schools"}}, {"pk": 39, "model": "structure.department", "fields": {"college": 4, "name": "Center for Business and Economic Development"}}, {"pk": 58, "model": "structure.department", "fields": {"college": 6, "name": "Center for Continuing Education and Professional Education"}}, {"pk": 35, "model": "structure.department", "fields": {"college": 4, "name": "Center for Industrial Products"}}, {"pk": 90, "model": "structure.department", "fields": {"college": 8, "name": "Center for Social Science & Public Policy Research"}}, {"pk": 95, "model": "structure.department", "fields": {"college": 9, "name": "Chemistry"}}, {"pk": 12, "model": "structure.department", "fields": {"college": 2, "name": "CHHS"}}, {"pk": 51, "model": "structure.department", "fields": {"college": 5, "name": "Child Development Center"}}, {"pk": 43, "model": "structure.department", "fields": {"college": 5, "name": "Childhood Education & Family Studies"}}, {"pk": 13, "model": "structure.department", "fields": {"college": 2, "name": "CHPA"}}, {"pk": 14, "model": "structure.department", "fields": {"college": 2, "name": "CNAS"}}, {"pk": 8, "model": "structure.department", "fields": {"college": 2, "name": "COAL"}}, {"pk": 9, "model": "structure.department", "fields": {"college": 2, "name": "COBA"}}, {"pk": 11, "model": "structure.department", "fields": {"college": 2, "name": "COE"}}, {"pk": 143, "model": "structure.department", "fields": {"college": 12, "name": "Collegiate Reading & Learning"}}, {"pk": 70, "model": "structure.department", "fields": {"college": 7, "name": "Communication Science & Disorders"}}, {"pk": 112, "model": "structure.department", "fields": {"college": 10, "name": "Communication Services"}}, {"pk": 19, "model": "structure.department", "fields": {"college": 3, "name": "Communications"}}, {"pk": 1, "model": "structure.department", "fields": {"college": 4, "name": "Computer Information Systems"}}, {"pk": 96, "model": "structure.department", "fields": {"college": 9, "name": "Computer Science"}}, {"pk": 113, "model": "structure.department", "fields": {"college": 10, "name": "Computer Services"}}, {"pk": 130, "model": "structure.department", "fields": {"college": 11, "name": "Conference Services"}}, {"pk": 122, "model": "structure.department", "fields": {"college": 11, "name": "Cooperative Education"}}, {"pk": 123, "model": "structure.department", "fields": {"college": 11, "name": "Counseling and Testing"}}, {"pk": 42, "model": "structure.department", "fields": {"college": 5, "name": "Counseling, Leadership, and Special Education"}}, {"pk": 81, "model": "structure.department", "fields": {"college": 8, "name": "Defense & Strategic Studies"}}, {"pk": 110, "model": "structure.department", "fields": {"college": 10, "name": "Design & Construction"}}, {"pk": 151, "model": "structure.department", "fields": {"college": 13, "name": "Development & Alumni Relations"}}, {"pk": 124, "model": "structure.department", "fields": {"college": 11, "name": "Disability Services"}}, {"pk": 82, "model": "structure.department", "fields": {"college": 8, "name": "Economics"}}, {"pk": 50, "model": "structure.department", "fields": {"college": 5, "name": "Education Student Services"}}, {"pk": 49, "model": "structure.department", "fields": {"college": 5, "name": "Educational Advisement Center"}}, {"pk": 62, "model": "structure.department", "fields": {"college": 6, "name": "Educational Technology Center"}}, {"pk": 20, "model": "structure.department", "fields": {"college": 3, "name": "English"}}, {"pk": 61, "model": "structure.department", "fields": {"college": 6, "name": "English Language Institute"}}, {"pk": 127, "model": "structure.department", "fields": {"college": 11, "name": "Enrollment Services"}}, {"pk": 159, "model": "structure.department", "fields": {"college": 13, "name": "Equity & Diversity"}}, {"pk": 59, "model": "structure.department", "fields": {"college": 6, "name": "Evening College & Adult Student Services"}}, {"pk": 118, "model": "structure.department", "fields": {"college": 10, "name": "Facilities Management"}}, {"pk": 30, "model": "structure.department", "fields": {"college": 4, "name": "Finance & General Business"}}, {"pk": 125, "model": "structure.department", "fields": {"college": 11, "name": "Financial Aid"}}, {"pk": 149, "model": "structure.department", "fields": {"college": 12, "name": "First Year Program"}}, {"pk": 97, "model": "structure.department", "fields": {"college": 9, "name": "Fruit Science"}}, {"pk": 17, "model": "structure.department", "fields": {"college": 2, "name": "General Education Program"}}, {"pk": 98, "model": "structure.department", "fields": {"college": 9, "name": "Geography, Geology, & Planning"}}, {"pk": 15, "model": "structure.department", "fields": {"college": 2, "name": "Graduate College"}}, {"pk": 136, "model": "structure.department", "fields": {"college": 11, "name": "Greek Life"}}, {"pk": 45, "model": "structure.department", "fields": {"college": 5, "name": "Greenwood Laboratory School"}}, {"pk": 153, "model": "structure.department", "fields": {"college": 13, "name": "Hammons Student Center"}}, {"pk": 71, "model": "structure.department", "fields": {"college": 7, "name": "Health, Physical Education, & Recreation"}}, {"pk": 83, "model": "structure.department", "fields": {"college": 8, "name": "History"}}, {"pk": 144, "model": "structure.department", "fields": {"college": 12, "name": "Honors College"}}, {"pk": 114, "model": "structure.department", "fields": {"college": 10, "name": "Human Resources"}}, {"pk": 145, "model": "structure.department", "fields": {"college": 12, "name": "Individualized Majors"}}, {"pk": 115, "model": "structure.department", "fields": {"college": 10, "name": "Information Technology"}}, {"pk": 54, "model": "structure.department", "fields": {"college": 5, "name": "Institution for School Improvement"}}, {"pk": 16, "model": "structure.department", "fields": {"college": 2, "name": "Institutional Research"}}, {"pk": 155, "model": "structure.department", "fields": {"college": 13, "name": "Intercollegiate Athletics"}}, {"pk": 36, "model": "structure.department", "fields": {"college": 4, "name": "International Business"}}, {"pk": 65, "model": "structure.department", "fields": {"college": 6, "name": "International Programs & Affairs"}}, {"pk": 66, "model": "structure.department", "fields": {"college": 6, "name": "International Student Services"}}, {"pk": 139, "model": "structure.department", "fields": {"college": 11, "name": "Intramural Sports & Sports Clubs"}}, {"pk": 105, "model": "structure.department", "fields": {"college": 9, "name": "Jordan Valley Innovation Center"}}, {"pk": 152, "model": "structure.department", "fields": {"college": 13, "name": "Juanita K. Hammons Hall (HHPA)"}}, {"pk": 78, "model": "structure.department", "fields": {"college": 7, "name": "Learning Diagnostic Center"}}, {"pk": 46, "model": "structure.department", "fields": {"college": 5, "name": "Library"}}, {"pk": 52, "model": "structure.department", "fields": {"college": 5, "name": "Literary Center"}}, {"pk": 33, "model": "structure.department", "fields": {"college": 4, "name": "Management"}}, {"pk": 37, "model": "structure.department", "fields": {"college": 4, "name": "Management Development Institute"}}, {"pk": 34, "model": "structure.department", "fields": {"college": 4, "name": "Marketing"}}, {"pk": 99, "model": "structure.department", "fields": {"college": 9, "name": "Mathematics"}}, {"pk": 21, "model": "structure.department", "fields": {"college": 3, "name": "Media, Journalism, & Film"}}, {"pk": 103, "model": "structure.department", "fields": {"college": 9, "name": "Mid-American Center for Viticulture/Ecology"}}, {"pk": 84, "model": "structure.department", "fields": {"college": 8, "name": "Military Science"}}, {"pk": 163, "model": "structure.department", "fields": {"college": 14, "name": "Missouri Fine Arts Academy"}}, {"pk": 104, "model": "structure.department", "fields": {"college": 9, "name": "Missouri Virtual School"}}, {"pk": 22, "model": "structure.department", "fields": {"college": 3, "name": "Modern & Classical Languages"}}, {"pk": 23, "model": "structure.department", "fields": {"college": 3, "name": "Modern & Classical Languages Lab"}}, {"pk": 128, "model": "structure.department", "fields": {"college": 11, "name": "Multicultural Resource Center"}}, {"pk": 129, "model": "structure.department", "fields": {"college": 11, "name": "Multicultural Student Services"}}, {"pk": 24, "model": "structure.department", "fields": {"college": 3, "name": "Music"}}, {"pk": 72, "model": "structure.department", "fields": {"college": 7, "name": "Nursing"}}, {"pk": 67, "model": "structure.department", "fields": {"college": 6, "name": "Office of Public Affairs"}}, {"pk": 27, "model": "structure.department", "fields": {"college": 3, "name": "Ozarks Watch"}}, {"pk": 85, "model": "structure.department", "fields": {"college": 8, "name": "Philosophy"}}, {"pk": 109, "model": "structure.department", "fields": {"college": 10, "name": "Physical Plant"}}, {"pk": 73, "model": "structure.department", "fields": {"college": 7, "name": "Physical Therapy"}}, {"pk": 74, "model": "structure.department", "fields": {"college": 7, "name": "Physician Assistant Studies"}}, {"pk": 100, "model": "structure.department", "fields": {"college": 9, "name": "Physics, Astronomy & Material Science"}}, {"pk": 154, "model": "structure.department", "fields": {"college": 13, "name": "Plaster Sports Complex"}}, {"pk": 86, "model": "structure.department", "fields": {"college": 8, "name": "Political Science"}}, {"pk": 3, "model": "structure.department", "fields": {"college": 1, "name": "President's Office"}}, {"pk": 53, "model": "structure.department", "fields": {"college": 5, "name": "Professional Education Unit"}}, {"pk": 5, "model": "structure.department", "fields": {"college": 1, "name": "Provost's Office"}}, {"pk": 75, "model": "structure.department", "fields": {"college": 7, "name": "Psychology & Gerontology"}}, {"pk": 161, "model": "structure.department", "fields": {"college": 14, "name": "Public Affairs Academy"}}, {"pk": 68, "model": "structure.department", "fields": {"college": 6, "name": "Publications & Marketing"}}, {"pk": 44, "model": "structure.department", "fields": {"college": 5, "name": "Reading, Foundations, & Technology"}}, {"pk": 131, "model": "structure.department", "fields": {"college": 11, "name": "Records & Registration"}}, {"pk": 79, "model": "structure.department", "fields": {"college": 7, "name": "Recreation & Leisure Studies"}}, {"pk": 64, "model": "structure.department", "fields": {"college": 6, "name": "Registration Services"}}, {"pk": 87, "model": "structure.department", "fields": {"college": 8, "name": "Religious Studies"}}, {"pk": 138, "model": "structure.department", "fields": {"college": 11, "name": "Rentention Services"}}, {"pk": 132, "model": "structure.department", "fields": {"college": 11, "name": "Residence Life & Services"}}, {"pk": 101, "model": "structure.department", "fields": {"college": 9, "name": "Resource Planning & Management"}}, {"pk": 135, "model": "structure.department", "fields": {"college": 11, "name": "SAC"}}, {"pk": 111, "model": "structure.department", "fields": {"college": 10, "name": "Safety & Transportation"}}, {"pk": 47, "model": "structure.department", "fields": {"college": 5, "name": "School of Teacher Education"}}, {"pk": 106, "model": "structure.department", "fields": {"college": 9, "name": "Science/Math/Technology"}}, {"pk": 102, "model": "structure.department", "fields": {"college": 9, "name": "Scientific Research & Education"}}, {"pk": 38, "model": "structure.department", "fields": {"college": 4, "name": "Small Business Development Center"}}, {"pk": 133, "model": "structure.department", "fields": {"college": 11, "name": "SOAR"}}, {"pk": 76, "model": "structure.department", "fields": {"college": 7, "name": "Social Work"}}, {"pk": 88, "model": "structure.department", "fields": {"college": 8, "name": "Sociology, Anthropology & Criminology"}}, {"pk": 126, "model": "structure.department", "fields": {"college": 11, "name": "Sodexho"}}, {"pk": 56, "model": "structure.department", "fields": {"college": 5, "name": "Southwest Regional Professional Development Center"}}, {"pk": 60, "model": "structure.department", "fields": {"college": 6, "name": "Special Credit Program Services"}}, {"pk": 80, "model": "structure.department", "fields": {"college": 7, "name": "Speech, Language, & Hearing Clinic"}}, {"pk": 156, "model": "structure.department", "fields": {"college": 13, "name": "Spirit Squads/Cheerleading"}}, {"pk": 162, "model": "structure.department", "fields": {"college": 14, "name": "Sports Camps"}}, {"pk": 77, "model": "structure.department", "fields": {"college": 7, "name": "Sports Medicine & Athletic Training"}}, {"pk": 55, "model": "structure.department", "fields": {"college": 5, "name": "STARRS"}}, {"pk": 134, "model": "structure.department", "fields": {"college": 11, "name": "Student Organizations"}}, {"pk": 147, "model": "structure.department", "fields": {"college": 12, "name": "Student Success"}}, {"pk": 146, "model": "structure.department", "fields": {"college": 12, "name": "Study Away"}}, {"pk": 157, "model": "structure.department", "fields": {"college": 13, "name": "Sugar Bears"}}, {"pk": 137, "model": "structure.department", "fields": {"college": 11, "name": "Taylor Health & Wellness"}}, {"pk": 10, "model": "structure.department", "fields": {"college": 2, "name": "The Extended Campus"}}, {"pk": 28, "model": "structure.department", "fields": {"college": 3, "name": "The Standard"}}, {"pk": 25, "model": "structure.department", "fields": {"college": 3, "name": "Theatre & Dance"}}, {"pk": 158, "model": "structure.department", "fields": {"college": 13, "name": "University Relations"}}, {"pk": 164, "model": "structure.department", "fields": {"college": 14, "name": "Upward Bound"}}, {"pk": 4, "model": "structure.department", "fields": {"college": 1, "name": "Vice President's Office"}}, {"pk": 116, "model": "structure.department", "fields": {"college": 10, "name": "Web & New Media"}}, {"pk": 148, "model": "structure.department", "fields": {"college": 12, "name": "Writing Center"}}, {"pk": 33, "model": "structure.subdepartment", "fields": {"department": 92, "name": "Clothing, Textiles, & Merchandising"}}, {"pk": 34, "model": "structure.subdepartment", "fields": {"department": 92, "name": "Hospitality and Restaurant Administration"}}, {"pk": 35, "model": "structure.subdepartment", "fields": {"department": 92, "name": "Housing & Interior Design"}}, {"pk": 36, "model": "structure.subdepartment", "fields": {"department": 92, "name": "Vocational Family & Consumer Sciences"}}, {"pk": 38, "model": "structure.subdepartment", "fields": {"department": 117, "name": "KSMU"}}, {"pk": 37, "model": "structure.subdepartment", "fields": {"department": 117, "name": "Ozarks Public Television"}}, {"pk": 18, "model": "structure.subdepartment", "fields": {"department": 43, "name": "Child and Family Development"}}, {"pk": 19, "model": "structure.subdepartment", "fields": {"department": 43, "name": "Early Childhood Education"}}, {"pk": 20, "model": "structure.subdepartment", "fields": {"department": 43, "name": "Elementary Education"}}, {"pk": 16, "model": "structure.subdepartment", "fields": {"department": 19, "name": "Center for Dispute Resolution"}}, {"pk": 17, "model": "structure.subdepartment", "fields": {"department": 42, "name": "Educational Administration"}}, {"pk": 32, "model": "structure.subdepartment", "fields": {"department": 50, "name": "BEARS"}}, {"pk": 31, "model": "structure.subdepartment", "fields": {"department": 50, "name": "Educational Field Experience"}}, {"pk": 29, "model": "structure.subdepartment", "fields": {"department": 50, "name": "Teacher Certification"}}, {"pk": 42, "model": "structure.subdepartment", "fields": {"department": 145, "name": "Baseball"}}, {"pk": 45, "model": "structure.subdepartment", "fields": {"department": 145, "name": "Cross Country"}}, {"pk": 46, "model": "structure.subdepartment", "fields": {"department": 145, "name": "Field Hockey"}}, {"pk": 47, "model": "structure.subdepartment", "fields": {"department": 145, "name": "Football"}}, {"pk": 43, "model": "structure.subdepartment", "fields": {"department": 145, "name": "Men's Basketball"}}, {"pk": 48, "model": "structure.subdepartment", "fields": {"department": 145, "name": "Men's Golf"}}, {"pk": 50, "model": "structure.subdepartment", "fields": {"department": 145, "name": "Softball"}}, {"pk": 51, "model": "structure.subdepartment", "fields": {"department": 145, "name": "Swimming"}}, {"pk": 52, "model": "structure.subdepartment", "fields": {"department": 145, "name": "Track & Field"}}, {"pk": 53, "model": "structure.subdepartment", "fields": {"department": 145, "name": "Volleyball"}}, {"pk": 44, "model": "structure.subdepartment", "fields": {"department": 145, "name": "Women's Basketball"}}, {"pk": 49, "model": "structure.subdepartment", "fields": {"department": 145, "name": "Women's Golf"}}, {"pk": 1, "model": "structure.subdepartment", "fields": {"department": 22, "name": "Arabic"}}, {"pk": 2, "model": "structure.subdepartment", "fields": {"department": 22, "name": "Chinese"}}, {"pk": 3, "model": "structure.subdepartment", "fields": {"department": 22, "name": "French"}}, {"pk": 4, "model": "structure.subdepartment", "fields": {"department": 22, "name": "German"}}, {"pk": 5, "model": "structure.subdepartment", "fields": {"department": 22, "name": "Greek"}}, {"pk": 6, "model": "structure.subdepartment", "fields": {"department": 22, "name": "Hebrew"}}, {"pk": 7, "model": "structure.subdepartment", "fields": {"department": 22, "name": "Italian"}}, {"pk": 8, "model": "structure.subdepartment", "fields": {"department": 22, "name": "Japanese"}}, {"pk": 9, "model": "structure.subdepartment", "fields": {"department": 22, "name": "Latin"}}, {"pk": 10, "model": "structure.subdepartment", "fields": {"department": 22, "name": "Portugese"}}, {"pk": 11, "model": "structure.subdepartment", "fields": {"department": 22, "name": "Russian"}}, {"pk": 12, "model": "structure.subdepartment", "fields": {"department": 22, "name": "Spanish"}}, {"pk": 13, "model": "structure.subdepartment", "fields": {"department": 24, "name": "Band"}}, {"pk": 14, "model": "structure.subdepartment", "fields": {"department": 24, "name": "Color Guard"}}, {"pk": 15, "model": "structure.subdepartment", "fields": {"department": 24, "name": "Orchestra"}}, {"pk": 21, "model": "structure.subdepartment", "fields": {"department": 44, "name": "Instructional Media Technology"}}, {"pk": 22, "model": "structure.subdepartment", "fields": {"department": 44, "name": "Middle School Education"}}, {"pk": 23, "model": "structure.subdepartment", "fields": {"department": 44, "name": "Secondary Education"}}, {"pk": 24, "model": "structure.subdepartment", "fields": {"department": 47, "name": "Elementary Education"}}, {"pk": 25, "model": "structure.subdepartment", "fields": {"department": 47, "name": "Middle School Education"}}, {"pk": 26, "model": "structure.subdepartment", "fields": {"department": 47, "name": "Reading"}}, {"pk": 27, "model": "structure.subdepartment", "fields": {"department": 47, "name": "Secondary Education"}}, {"pk": 28, "model": "structure.subdepartment", "fields": {"department": 47, "name": "Special Education"}}, {"pk": 39, "model": "structure.subdepartment", "fields": {"department": 147, "name": "Introduction to University Life"}}, {"pk": 41, "model": "structure.subdepartment", "fields": {"department": 147, "name": "Partners in Education"}}, {"pk": 40, "model": "structure.subdepartment", "fields": {"department": 147, "name": "TRIO"}}, {"pk": 4, "model": "structure.campus", "fields": {"city": "Dalian", "name": "China", "country": "China", "phone": "417-836-4128", "state": "MO", "address": "850 Huanghe Road, PO Box 13001", "zip_code": "65897"}}, {"pk": 3, "model": "structure.campus", "fields": {"city": "Mountain Grove", "name": "Mountain Grove", "country": "United States", "phone": "417-547-7500", "state": "MO", "address": "9740 Red Spring Road", "zip_code": "65711"}}, {"pk": 1, "model": "structure.campus", "fields": {"city": "Springfield", "name": "Springfield", "country": "United States", "phone": "417-836-5000", "state": "MO", "address": "901 South National Avenue", "zip_code": "65897"}}, {"pk": 2, "model": "structure.campus", "fields": {"city": "West Plains", "name": "West Plains", "country": "United States", "phone": "417-255-7255", "state": "MO", "address": "128 Garfield", "zip_code": "65775"}}, {"pk": 1, "model": "structure.building", "fields": {"abbreviation": "66Place", "name": "66 Place", "campus": 1}}, {"pk": 3, "model": "structure.building", "fields": {"abbreviation": "ADG", "name": "Art & Design Gallery", "campus": 1}}, {"pk": 4, "model": "structure.building", "fields": {"abbreviation": "ArtAnnex", "name": "Art Annex", "campus": 1}}, {"pk": 47, "model": "structure.building", "fields": {"abbreviation": "MalloryPlaza", "name": "Arthur L. Mallory Plaza", "campus": 1}}, {"pk": 5, "model": "structure.building", "fields": {"abbreviation": "Bookstore", "name": "Baker Bookstore", "campus": 1}}, {"pk": 6, "model": "structure.building", "fields": {"abbreviation": "Observatory", "name": "Baker Observatory", "campus": 1}}, {"pk": 7, "model": "structure.building", "fields": {"abbreviation": "BlairShannon", "name": "Blair-Shannon House", "campus": 1}}, {"pk": 9, "model": "structure.building", "fields": {"abbreviation": "Brick", "name": "Brick City", "campus": 1}}, {"pk": 10, "model": "structure.building", "fields": {"abbreviation": "BSFS", "name": "Bull Shoals Field Station", "campus": 1}}, {"pk": 11, "model": "structure.building", "fields": {"abbreviation": "Burgess", "name": "Burgess House", "campus": 1}}, {"pk": 12, "model": "structure.building", "fields": {"abbreviation": "Carrington", "name": "Carrington Hall", "campus": 1}}, {"pk": 2, "model": "structure.building", "fields": {"abbreviation": "ArchCtr", "name": "Center for Archaeological Research", "campus": 1}}, {"pk": 13, "model": "structure.building", "fields": {"abbreviation": "CentralStores", "name": "Central Stores & Maintenance", "campus": 1}}, {"pk": 14, "model": "structure.building", "fields": {"abbreviation": "Cheek", "name": "Cheek Hall", "campus": 1}}, {"pk": 15, "model": "structure.building", "fields": {"abbreviation": "CDC", "name": "Child Development Center", "campus": 1}}, {"pk": 16, "model": "structure.building", "fields": {"abbreviation": "Corral", "name": "Corral", "campus": 1}}, {"pk": 17, "model": "structure.building", "fields": {"abbreviation": "Craig", "name": "Craig Hall", "campus": 1}}, {"pk": 18, "model": "structure.building", "fields": {"abbreviation": "CraigPlaza", "name": "Craig Hall Plaza (Tent Pad)", "campus": 1}}, {"pk": 19, "model": "structure.building", "fields": {"abbreviation": "CustodialOff", "name": "Custodial Offices", "campus": 1}}, {"pk": 20, "model": "structure.building", "fields": {"abbreviation": "Darr", "name": "Darr Agricultural Center", "campus": 1}}, {"pk": 28, "model": "structure.building", "fields": {"abbreviation": "Glass", "name": "David D. Glass Hall", "campus": 1}}, {"pk": 21, "model": "structure.building", "fields": {"abbreviation": "Dogwood", "name": "Dogwood Apartments", "campus": 1}}, {"pk": 52, "model": "structure.building", "fields": {"abbreviation": "Meyer", "name": "Duane G. Meyer Library", "campus": 1}}, {"pk": 22, "model": "structure.building", "fields": {"abbreviation": "ECFD", "name": "Early Childhood & Family Development", "campus": 1}}, {"pk": 23, "model": "structure.building", "fields": {"abbreviation": "Ellis", "name": "Ellis Hall", "campus": 1}}, {"pk": 24, "model": "structure.building", "fields": {"abbreviation": "Forensics", "name": "Forensics Laboratory", "campus": 1}}, {"pk": 25, "model": "structure.building", "fields": {"abbreviation": "Forsythe", "name": "Forsythe Athletics Center", "campus": 1}}, {"pk": 26, "model": "structure.building", "fields": {"abbreviation": "Freddy", "name": "Freudenberger House", "campus": 1}}, {"pk": 27, "model": "structure.building", "fields": {"abbreviation": "Garst", "name": "Garst Dining Center", "campus": 1}}, {"pk": 29, "model": "structure.building", "fields": {"abbreviation": "Underpass", "name": "Grand Street Underpass", "campus": 1}}, {"pk": 30, "model": "structure.building", "fields": {"abbreviation": "GreatSouthern", "name": "Great Southern Building", "campus": 1}}, {"pk": 32, "model": "structure.building", "fields": {"abbreviation": "Hammons", "name": "Hammons House", "campus": 1}}, {"pk": 34, "model": "structure.building", "fields": {"abbreviation": "Hill", "name": "Hill Hall", "campus": 1}}, {"pk": 35, "model": "structure.building", "fields": {"abbreviation": "Quad", "name": "Historic Quadrangle", "campus": 1}}, {"pk": 36, "model": "structure.building", "fields": {"abbreviation": "Hutchens", "name": "Hutchens House", "campus": 1}}, {"pk": 37, "model": "structure.building", "fields": {"abbreviation": "IntSportField", "name": "Intramural Sports Field", "campus": 1}}, {"pk": 51, "model": "structure.building", "fields": {"abbreviation": "Carillon", "name": "Jane A. Meyer Carillon", "campus": 1}}, {"pk": 54, "model": "structure.building", "fields": {"abbreviation": "MCCE", "name": "Jim D. Morris Center for Continuing Education", "campus": 1}}, {"pk": 33, "model": "structure.building", "fields": {"abbreviation": "HSC", "name": "John Q. Hammons Student Center", "campus": 1}}, {"pk": 38, "model": "structure.building", "fields": {"abbreviation": "JQH", "name": "JQH Arena", "campus": 1}}, {"pk": 31, "model": "structure.building", "fields": {"abbreviation": "HHPA", "name": "Juanita K. Hammons Hall for the Performing Arts", "campus": 1}}, {"pk": 39, "model": "structure.building", "fields": {"abbreviation": "Karls", "name": "Karls Hall", "campus": 1}}, {"pk": 40, "model": "structure.building", "fields": {"abbreviation": "Kemper", "name": "Kemper Hall", "campus": 1}}, {"pk": 50, "model": "structure.building", "fields": {"abbreviation": "AlumniCtr", "name": "Kenneth E. Meyer Alumni Center", "campus": 1}}, {"pk": 41, "model": "structure.building", "fields": {"abbreviation": "Kentwood", "name": "Kentwood Hall", "campus": 1}}, {"pk": 42, "model": "structure.building", "fields": {"abbreviation": "KentwoodApts", "name": "Kentwood South Apartments", "campus": 1}}, {"pk": 43, "model": "structure.building", "fields": {"abbreviation": "KingsSt", "name": "Kings Street", "campus": 1}}, {"pk": 44, "model": "structure.building", "fields": {"abbreviation": "KSA", "name": "Kings Street Annex", "campus": 1}}, {"pk": 45, "model": "structure.building", "fields": {"abbreviation": "LevyWolf", "name": "Levy/Wolf Building", "campus": 1}}, {"pk": 46, "model": "structure.building", "fields": {"abbreviation": "Madison", "name": "Madison Hall", "campus": 1}}, {"pk": 48, "model": "structure.building", "fields": {"abbreviation": "McDonaldPatio", "name": "McDonald Arena Patio", "campus": 1}}, {"pk": 49, "model": "structure.building", "fields": {"abbreviation": "McDonald", "name": "McDonald Hall & Arena", "campus": 1}}, {"pk": 53, "model": "structure.building", "fields": {"abbreviation": "Monroe", "name": "Monroe Hall", "campus": 1}}, {"pk": 55, "model": "structure.building", "fields": {"abbreviation": "NMall", "name": "North Mall", "campus": 1}}, {"pk": 56, "model": "structure.building", "fields": {"abbreviation": "SchoolHouse", "name": "One-Room School House", "campus": 1}}, {"pk": 57, "model": "structure.building", "fields": {"abbreviation": "ParkCentral", "name": "Park Central Office Building", "campus": 1}}, {"pk": 58, "model": "structure.building", "fields": {"abbreviation": "PhysTherapy", "name": "Physical Therapy Building", "campus": 1}}, {"pk": 61, "model": "structure.building", "fields": {"abbreviation": "PricePlaza", "name": "Price Plaza", "campus": 1}}, {"pk": 62, "model": "structure.building", "fields": {"abbreviation": "ProfBldg", "name": "Professional Building", "campus": 1}}, {"pk": 63, "model": "structure.building", "fields": {"abbreviation": "Pummill", "name": "Pummill Hall", "campus": 1}}, {"pk": 64, "model": "structure.building", "fields": {"abbreviation": "RecFields", "name": "RecreationFields", "campus": 1}}, {"pk": 65, "model": "structure.building", "fields": {"abbreviation": "Retreat", "name": "Retreat Garden", "campus": 1}}, {"pk": 59, "model": "structure.building", "fields": {"abbreviation": "PSC", "name": "Robert W. Plaster Sports Complex", "campus": 1}}, {"pk": 60, "model": "structure.building", "fields": {"abbreviation": "PSU", "name": "Robert W. Plaster Student Union", "campus": 1}}, {"pk": 8, "model": "structure.building", "fields": {"abbreviation": "JVIC", "name": "Roy Blunt Jordan Valley Innovation Center", "campus": 1}}, {"pk": 66, "model": "structure.building", "fields": {"abbreviation": "Safety", "name": "Safety & Transportation Offices/Police Substation", "campus": 1}}, {"pk": 67, "model": "structure.building", "fields": {"abbreviation": "Scholars", "name": "Scholars House", "campus": 1}}, {"pk": 68, "model": "structure.building", "fields": {"abbreviation": "Siceluff", "name": "Siceluff Hall", "campus": 1}}, {"pk": 69, "model": "structure.building", "fields": {"abbreviation": "SoccerField", "name": "Soccer Field", "campus": 1}}, {"pk": 70, "model": "structure.building", "fields": {"abbreviation": "SoftballField", "name": "Softball Field", "campus": 1}}, {"pk": 71, "model": "structure.building", "fields": {"abbreviation": "Strong", "name": "Strong Hall", "campus": 1}}, {"pk": 72, "model": "structure.building", "fields": {"abbreviation": "SEC", "name": "Student Exhibition Center", "campus": 1}}, {"pk": 73, "model": "structure.building", "fields": {"abbreviation": "SMC", "name": "Student Media Center", "campus": 1}}, {"pk": 74, "model": "structure.building", "fields": {"abbreviation": "Sunvilla", "name": "Sunvilla Tower", "campus": 1}}, {"pk": 75, "model": "structure.building", "fields": {"abbreviation": "Taylor", "name": "Taylor Health & Wellness Center", "campus": 1}}, {"pk": 76, "model": "structure.building", "fields": {"abbreviation": "Temple", "name": "Temple Hall", "campus": 1}}, {"pk": 77, "model": "structure.building", "fields": {"abbreviation": "TennisCourts", "name": "Tennis Courts", "campus": 1}}, {"pk": 78, "model": "structure.building", "fields": {"abbreviation": "TDA", "name": "Theatre & Dance Annex", "campus": 1}}, {"pk": 79, "model": "structure.building", "fields": {"abbreviation": "Transit", "name": "Transit Operations Center", "campus": 1}}, {"pk": 80, "model": "structure.building", "fields": {"abbreviation": "TrottierPlaza", "name": "Trottier Plaza", "campus": 1}}, {"pk": 81, "model": "structure.building", "fields": {"abbreviation": "UnivHall", "name": "University Hall", "campus": 1}}, {"pk": 82, "model": "structure.building", "fields": {"abbreviation": "Wehr", "name": "Wehr Band Hall", "campus": 1}}, {"pk": 83, "model": "structure.building", "fields": {"abbreviation": "Wells", "name": "Wells House", "campus": 1}}, {"pk": 84, "model": "structure.building", "fields": {"abbreviation": "WMAmph", "name": "West Mall (Amphitheatre)", "campus": 1}}, {"pk": 85, "model": "structure.building", "fields": {"abbreviation": "WMCarr", "name": "West Mall (Carrington)", "campus": 1}}, {"pk": 86, "model": "structure.building", "fields": {"abbreviation": "WMFount", "name": "West Mall (Fountain)", "campus": 1}}, {"pk": 87, "model": "structure.building", "fields": {"abbreviation": "Woods", "name": "Woods House", "campus": 1}}, {"pk": 4, "model": "structure.location", "fields": {"building": 28, "room_number": "345"}}, {"pk": 3, "model": "structure.location", "fields": {"building": 52, "room_number": "202"}}]
